Asset ID,Asset Type,Purchase Date,Usage Hours,Maintenance Count,Last Maintenance Date,Environmental Temperature,Humidity,Age Days,Failure
1,Building,16-04-2012,8434,15,17-08-2019,24.87093161,62.52593931,4484,1
2,Vehicle,10-07-2016,2590,1,02-12-2018,29.04517532,20.50182091,2938,0
3,Building,05-06-2018,1063,5,23-08-2018,34.85633678,33.06004397,2243,0
4,Building,27-01-2015,4324,11,31-12-2010,17.6297824,59.7010573,3468,0
5,Vehicle,30-12-2014,9111,4,12-08-2011,20.49463051,49.03936209,3496,1
6,Vehicle,11-06-2016,5342,1,05-07-2010,22.89152151,20.31880854,2967,0
7,Building,23-08-2011,5,15,11-06-2015,23.43656357,68.26967855,4721,0
8,Equipment,04-12-2016,7489,4,04-10-2014,23.22042151,66.3685744,2791,0
9,Building,05-02-2014,8659,14,19-01-2016,33.15222005,52.90514978,3824,1
10,Building,19-04-2015,8195,11,24-07-2015,29.28065289,23.98779955,3386,1
11,Building,28-11-2012,5966,3,19-07-2016,27.15810428,65.99090297,4258,0
12,Building,21-04-2011,8837,14,03-05-2013,21.18745436,55.02281526,4845,1
13,Vehicle,22-03-2019,117,10,01-12-2018,31.47580768,66.91759863,1953,0
14,Building,10-01-2017,2551,15,12-05-2012,34.10121023,65.10481954,2754,0
15,Equipment,13-09-2011,5560,5,30-09-2017,31.42396565,68.18012432,4700,0
16,Vehicle,05-08-2019,4289,13,02-10-2018,15.0313021,51.08048398,1817,0
17,Equipment,11-04-2016,846,17,03-06-2019,27.7280274,28.41947109,3028,0
18,Equipment,08-01-2014,6316,11,10-03-2016,16.02270763,60.2694484,3852,0
19,Equipment,11-04-2016,6469,10,30-08-2018,20.15214441,57.2284271,3028,0
20,Equipment,16-03-2016,9333,12,11-04-2012,16.19049401,64.53519123,3054,1
21,Vehicle,11-12-2013,8915,10,13-11-2019,27.07590906,30.19286036,3880,1
22,Vehicle,30-06-2014,224,15,09-08-2010,28.73179827,31.69851199,3679,0
23,Equipment,08-03-2015,4208,14,28-04-2011,17.28975276,73.42457103,3428,0
24,Equipment,10-08-2010,6283,14,05-10-2011,22.67677766,64.99866791,5099,0
25,Vehicle,19-08-2017,2048,3,28-01-2012,24.12473018,74.49370932,2533,0
26,Vehicle,13-04-2013,6233,10,15-11-2014,22.38106044,65.52291927,4122,0
27,Vehicle,01-07-2017,9765,18,30-08-2011,17.42050001,55.82931836,2582,1
28,Building,14-08-2019,1828,14,04-01-2013,23.3789558,59.24796422,1808,0
29,Building,14-05-2011,1917,3,31-08-2014,30.02356096,73.34767544,4822,0
30,Building,16-07-2011,4234,12,07-07-2013,16.42015329,54.72840527,4759,0
31,Equipment,12-01-2011,6988,18,22-10-2019,16.60360028,57.94347946,4944,0
32,Building,15-04-2016,2026,1,03-04-2010,22.09542584,29.38860296,3024,0
33,Equipment,16-12-2013,3744,13,05-04-2017,33.83451423,48.43527321,3875,0
34,Equipment,07-06-2019,9093,3,22-11-2015,28.37145293,62.98382672,1876,1
35,Building,13-03-2017,9,15,20-03-2010,28.57339913,36.2565619,2692,0
36,Equipment,04-03-2011,260,19,04-04-2014,22.23839982,32.13525083,4893,0
37,Building,16-05-2017,6038,13,14-11-2019,26.87321582,38.82960849,2628,0
38,Building,01-10-2018,9865,14,07-10-2019,15.20262368,34.49003768,2125,1
39,Vehicle,26-02-2011,2219,2,13-07-2014,27.72192093,32.89475822,4899,0
40,Building,17-05-2016,7041,7,27-06-2012,33.26573895,45.49105057,2992,0
41,Vehicle,06-03-2014,2060,15,07-05-2017,27.25146937,74.47031083,3795,0
42,Building,14-03-2015,5287,9,16-01-2015,32.47397187,50.4235788,3422,0
43,Building,27-08-2011,1619,3,08-11-2010,29.47946111,31.27522285,4717,0
44,Vehicle,08-05-2019,8512,17,27-04-2019,17.41116833,24.61830016,1906,1
45,Vehicle,26-04-2014,1342,1,06-06-2013,33.04906615,61.76936871,3744,0
46,Building,17-10-2019,2832,16,01-08-2013,16.32887689,42.96792587,1744,0
47,Equipment,07-07-2012,2824,12,16-01-2011,25.67934945,69.3098568,4402,0
48,Vehicle,09-07-2013,1994,3,27-06-2010,17.84274248,59.57064612,4035,0
49,Equipment,25-07-2017,3490,10,09-06-2019,15.23413221,67.77448703,2558,0
50,Equipment,23-06-2018,9310,6,03-08-2014,23.4406852,36.31676237,2225,1
51,Equipment,28-07-2014,7984,11,20-10-2018,20.90081415,61.54153535,3651,0
52,Vehicle,16-10-2012,1604,9,21-01-2012,24.72000988,35.84371908,4301,0
53,Equipment,27-01-2017,235,6,27-10-2012,26.54399773,76.34410877,2737,0
54,Vehicle,12-06-2016,1908,12,20-12-2019,15.87478145,58.18245689,2966,0
55,Equipment,05-07-2011,8567,6,08-10-2013,17.4600659,39.47070801,4770,1
56,Building,16-02-2010,3530,16,17-02-2018,26.17284793,36.17071174,5274,0
57,Building,09-07-2011,5256,9,18-02-2012,21.86334706,31.4555951,4766,0
58,Vehicle,06-07-2011,2635,9,08-12-2010,29.58346975,61.67845753,4769,0
59,Building,27-08-2014,8162,3,20-08-2012,28.04583297,33.12293678,3621,1
60,Building,28-04-2010,9762,19,11-09-2012,31.91208726,55.71819596,5203,1
61,Equipment,06-07-2016,2560,3,13-01-2017,28.84985653,35.87810162,2942,0
62,Vehicle,09-05-2014,5415,6,19-07-2013,23.59862155,59.71813669,3731,0
63,Equipment,22-09-2014,3391,0,21-09-2014,28.45933245,68.89638371,3595,0
64,Equipment,19-09-2012,5951,11,22-06-2016,20.50762349,66.68151459,4328,0
65,Equipment,02-10-2012,5468,12,13-10-2011,21.12626998,65.65107986,4315,0
66,Equipment,09-02-2017,8007,9,27-12-2012,30.7797032,31.26334434,2724,1
67,Equipment,05-12-2019,9064,14,15-03-2016,23.92839033,25.30309682,1695,1
68,Equipment,18-09-2013,9444,12,19-02-2015,30.96760681,61.93692971,3964,1
69,Equipment,08-03-2013,6413,8,14-05-2016,31.44844747,42.10083283,4158,0
70,Vehicle,23-07-2010,6941,8,06-07-2017,32.15124675,45.94077358,5117,0
71,Building,02-04-2016,9506,14,25-02-2015,33.33270472,21.86894557,3037,1
72,Equipment,26-11-2016,4820,9,10-04-2017,23.61970441,35.57458696,2799,0
73,Equipment,18-01-2015,2898,9,19-10-2013,21.37733637,22.02058423,3477,0
74,Equipment,15-03-2017,7546,7,23-10-2010,26.64397493,72.75114636,2690,0
75,Equipment,26-08-2016,77,15,07-10-2016,22.42344847,34.60380099,2891,0
76,Equipment,15-12-2011,7577,16,02-07-2012,27.02148334,53.44023017,4607,0
77,Equipment,22-05-2018,4227,4,01-04-2012,29.11171725,22.33875924,2257,0
78,Building,07-08-2019,600,3,14-01-2019,28.76810037,60.01084348,1815,0
79,Building,11-09-2014,1065,17,16-12-2010,22.49105774,39.38164075,3606,0
80,Equipment,12-11-2012,2136,18,27-10-2015,18.33720403,73.87515122,4274,0
81,Building,29-05-2010,9510,3,24-09-2011,23.61058677,73.28709134,5172,1
82,Vehicle,04-11-2019,6943,6,09-11-2011,17.85188288,39.5174371,1726,0
83,Equipment,10-12-2010,7804,9,11-09-2012,32.8019407,74.05765374,4977,0
84,Vehicle,06-06-2013,6565,17,19-01-2013,21.91754921,79.76946041,4068,0
85,Vehicle,20-04-2014,5984,18,24-11-2019,18.08919494,69.52493985,3750,0
86,Equipment,01-01-2011,5142,3,04-10-2015,15.5089552,70.69228087,4955,0
87,Building,12-07-2012,4670,9,23-12-2015,27.91644773,34.94052417,4397,0
88,Vehicle,17-06-2017,2190,0,14-08-2010,27.73804635,54.60214393,2596,0
89,Equipment,15-01-2014,9184,17,31-07-2019,21.81208333,24.03535484,3845,1
90,Vehicle,27-09-2015,2712,4,03-01-2014,16.43423778,25.69507621,3225,0
91,Vehicle,02-03-2013,2192,14,04-01-2014,23.1925779,79.93355672,4164,0
92,Vehicle,30-07-2011,1248,16,16-12-2014,21.2243499,39.59835497,4745,0
93,Vehicle,16-05-2012,4033,2,10-03-2014,28.54241279,64.89103472,4454,0
94,Building,15-07-2012,1997,11,05-09-2014,27.11558499,68.39990318,4394,0
95,Vehicle,09-02-2016,3687,1,04-01-2019,22.29187456,71.48139626,3090,0
96,Vehicle,23-06-2015,4018,0,22-03-2011,19.35785109,79.85769784,3321,0
97,Vehicle,16-04-2011,1970,16,04-11-2011,34.76071932,34.48978912,4850,0
98,Building,01-08-2011,8389,15,22-04-2013,24.08003242,22.42104961,4743,1
99,Vehicle,02-10-2010,5765,4,01-05-2018,28.76548472,44.67149108,5046,0
100,Vehicle,11-09-2011,1202,14,03-12-2015,17.81105935,27.80484019,4702,0
101,Building,10-06-2015,8135,2,31-10-2019,24.71179399,21.34555335,3334,1
102,Building,12-07-2012,5567,6,09-07-2014,15.5507344,41.62560963,4397,0
103,Building,01-12-2010,7667,10,24-08-2012,25.10910236,67.02429506,4986,0
104,Vehicle,30-04-2017,5742,9,04-06-2011,34.28034814,53.97084147,2644,0
105,Building,18-08-2018,5788,8,05-02-2013,22.68413426,38.76667935,2169,0
106,Building,30-12-2010,5408,13,02-07-2016,15.77992025,59.26052033,4957,0
107,Vehicle,01-08-2019,8669,12,25-10-2015,15.61911582,33.92109082,1821,1
108,Building,17-10-2010,9446,1,09-07-2014,22.7597352,20.86288676,5031,1
109,Vehicle,07-09-2019,922,2,11-09-2015,18.20049873,65.86120319,1784,0
110,Equipment,26-04-2016,419,6,01-04-2011,15.46704193,57.42458509,3013,0
111,Building,20-01-2018,2204,17,02-06-2013,30.12427228,65.73815747,2379,0
112,Equipment,01-02-2012,1120,2,22-06-2011,24.17046018,22.336281,4559,0
113,Vehicle,24-03-2018,950,9,29-11-2015,20.78489544,70.22717767,2316,0
114,Building,26-08-2018,2336,6,10-02-2015,33.00166366,57.171572,2161,0
115,Vehicle,22-03-2013,5373,8,02-10-2010,17.3227792,53.80372104,4144,0
116,Equipment,10-06-2014,2243,16,02-09-2019,34.11837658,57.47684289,3699,0
117,Vehicle,17-04-2018,2645,10,11-01-2016,21.27933435,71.86599481,2292,0
118,Building,01-08-2014,4612,6,12-04-2014,32.76807345,55.21619039,3647,0
119,Building,19-06-2010,1865,13,11-05-2019,27.05885753,54.85702279,5151,0
120,Equipment,13-01-2011,6028,18,10-03-2012,31.53414719,79.44074942,4943,0
121,Vehicle,14-02-2014,7326,3,10-02-2013,34.68026326,65.40381002,3815,0
122,Building,29-05-2016,6371,5,10-12-2012,20.76810876,46.53762833,2980,0
123,Equipment,11-07-2015,6359,9,26-07-2013,34.22270971,62.44382,3303,0
124,Building,22-08-2015,7863,6,23-11-2018,22.7896379,43.3538283,3261,0
125,Building,24-04-2012,3228,12,05-10-2014,22.71023809,33.73252775,4476,0
126,Vehicle,21-06-2019,3719,13,21-01-2011,21.80774209,55.81111261,1862,0
127,Building,17-05-2018,2371,3,14-02-2010,25.82815215,75.69092589,2262,0
128,Vehicle,31-01-2010,2891,7,29-07-2019,18.08290086,75.7483712,5290,0
129,Building,02-03-2010,3756,4,30-11-2019,26.07422971,40.51431669,5260,0
130,Equipment,13-04-2015,4225,0,21-05-2010,25.83409625,51.66064797,3392,0
131,Building,18-04-2011,94,3,20-06-2010,30.23803625,32.69815391,4848,0
132,Vehicle,14-12-2017,2674,2,03-08-2010,31.67299924,79.73786657,2416,0
133,Vehicle,08-08-2010,6898,8,01-04-2013,23.80882701,78.86707447,5101,0
134,Equipment,07-11-2010,793,7,23-07-2018,21.04666499,58.97053578,5010,0
135,Building,19-06-2013,2116,0,25-02-2012,20.18669795,68.26484358,4055,0
136,Building,01-07-2018,5779,5,28-12-2013,18.89247673,62.90600968,2217,0
137,Equipment,14-05-2014,6166,8,22-01-2015,16.15295164,55.58949314,3726,0
138,Building,21-07-2013,814,6,09-09-2013,21.84895958,23.20087982,4023,0
139,Building,26-02-2014,345,3,23-12-2017,20.40495384,47.28586055,3803,0
140,Vehicle,15-02-2016,8554,12,11-11-2016,34.32834772,60.48717813,3084,1
141,Building,18-09-2018,2443,16,25-05-2010,26.15417653,60.65189683,2138,0
142,Building,22-05-2018,7783,1,02-02-2019,21.94554078,42.38735711,2257,0
143,Equipment,11-11-2011,984,4,04-06-2012,26.60935202,76.5015192,4641,0
144,Equipment,08-12-2017,7790,11,16-12-2017,17.78393403,30.04142193,2422,0
145,Vehicle,21-05-2010,9831,7,31-07-2014,23.88087498,50.02156677,5180,1
146,Building,20-09-2017,827,5,28-03-2012,27.52468643,61.45303859,2501,0
147,Building,16-09-2015,3531,7,29-03-2013,24.77795664,61.82814835,3236,0
148,Building,06-08-2016,7147,17,20-09-2019,23.03557601,58.91833741,2911,0
149,Vehicle,12-09-2010,4451,2,10-04-2015,34.87696778,36.51729281,5066,0
150,Vehicle,01-03-2017,3876,11,07-03-2017,32.60629524,29.37239412,2704,0
151,Equipment,06-11-2011,5959,2,29-09-2019,27.46811916,58.15641961,4646,0
152,Vehicle,05-07-2019,126,5,19-04-2011,26.38754722,55.95812697,1848,0
153,Building,09-06-2010,3177,1,27-03-2012,27.4132096,30.76136062,5161,0
154,Building,29-11-2015,8795,11,08-01-2019,19.02624216,62.30834873,3162,1
155,Vehicle,07-12-2014,6024,1,12-04-2019,22.90275487,47.3103195,3519,0
156,Building,30-06-2018,5109,5,22-12-2012,15.78919066,60.0656355,2218,0
157,Building,07-10-2011,4146,16,09-07-2014,24.51092075,70.24202479,4676,0
158,Vehicle,13-08-2017,7196,2,01-08-2018,25.86049168,30.18370571,2539,0
159,Vehicle,08-04-2010,3368,1,09-06-2013,19.55499472,21.14869208,5223,0
160,Building,24-01-2018,3797,19,27-02-2014,34.28057694,66.74615518,2375,0
161,Building,17-10-2016,1792,7,30-08-2013,33.18909222,56.58184551,2839,0
162,Building,14-03-2012,5732,11,26-09-2016,29.44286471,61.97837418,4517,0
163,Equipment,28-03-2019,3476,3,11-03-2011,25.66773258,70.2892985,1947,0
164,Equipment,13-09-2012,3417,4,08-12-2011,32.39938319,68.16865609,4334,0
165,Equipment,18-08-2012,1645,12,31-10-2010,17.61304688,77.65520882,4360,0
166,Vehicle,18-01-2017,9397,14,26-03-2018,30.81019589,52.15610473,2746,1
167,Equipment,28-05-2013,3030,15,07-12-2015,17.49641628,49.30973796,4077,0
168,Vehicle,18-08-2010,2872,9,04-02-2010,30.88421325,44.11323199,5091,0
169,Vehicle,03-11-2011,3072,15,11-08-2014,20.51535137,29.22146257,4649,0
170,Equipment,05-02-2010,1854,11,19-07-2012,32.54181162,54.35643397,5285,0
171,Equipment,23-03-2012,4021,16,27-01-2013,33.88084188,36.62075146,4508,0
172,Equipment,28-01-2013,4662,15,28-07-2012,17.97591939,75.27845073,4197,0
173,Building,16-04-2015,6514,11,05-07-2014,24.2535121,54.99144826,3389,0
174,Equipment,17-02-2017,5031,7,23-10-2011,34.61974756,55.57041083,2716,0
175,Building,19-10-2011,2708,19,10-07-2014,24.66814872,41.29547965,4664,0
176,Vehicle,23-09-2011,7112,2,22-05-2018,32.27095045,23.11936112,4690,0
177,Building,05-02-2013,9524,15,13-12-2017,26.77463044,21.90462592,4189,1
178,Equipment,05-09-2019,8393,12,26-07-2017,22.50659816,45.40010865,1786,1
179,Vehicle,20-02-2015,3507,18,16-05-2018,20.71567111,25.07392269,3444,0
180,Vehicle,21-08-2011,6456,7,22-08-2010,19.06446182,56.41081733,4723,0
181,Vehicle,23-10-2011,4212,4,05-01-2019,30.23596383,72.85838034,4660,0
182,Building,24-04-2013,7970,19,21-03-2010,22.73081014,72.97488899,4111,0
183,Equipment,01-09-2017,8766,7,14-08-2014,25.22550924,59.54272461,2520,1
184,Vehicle,25-12-2018,536,11,05-05-2018,24.8465096,32.67390989,2040,0
185,Vehicle,02-02-2016,1625,0,13-06-2011,26.54558058,71.77980988,3097,0
186,Vehicle,29-08-2012,7973,19,02-09-2016,32.31154291,73.16560612,4349,0
187,Building,21-06-2018,8577,5,21-05-2019,34.61478687,31.7992151,2227,1
188,Building,28-12-2013,8070,17,24-12-2019,23.15168417,64.24556515,3863,1
189,Equipment,28-11-2010,8666,7,13-02-2015,31.55037844,37.19117294,4989,1
190,Building,19-08-2019,8609,6,17-05-2018,30.29055589,68.15841874,1803,1
191,Vehicle,14-12-2017,6490,0,07-10-2016,26.47057903,79.83427399,2416,0
192,Equipment,23-12-2012,3600,15,15-07-2010,34.12094287,21.80156032,4233,0
193,Vehicle,13-02-2013,6783,11,23-07-2012,19.00949031,73.84195195,4181,0
194,Vehicle,27-02-2012,9146,5,24-10-2010,17.18528421,57.35783202,4533,1
195,Building,29-08-2011,4971,19,28-03-2012,32.07923934,78.40295715,4715,0
196,Equipment,07-04-2015,1205,1,31-05-2017,23.78299633,47.90057105,3398,0
197,Building,19-01-2013,1990,13,15-04-2010,31.93937708,70.84327583,4206,0
198,Building,30-12-2019,5299,3,27-08-2010,32.8618041,23.74364412,1670,0
199,Equipment,25-11-2010,3572,0,16-04-2018,16.24915187,40.116743,4992,0
200,Vehicle,21-11-2017,5975,17,30-12-2016,32.66929526,24.02099227,2439,0
201,Vehicle,22-01-2017,6320,12,10-03-2014,23.96638111,78.52058801,2742,0
202,Equipment,01-01-2018,4380,1,22-11-2015,25.20864978,69.01843444,2398,0
203,Vehicle,08-10-2011,4757,8,17-09-2012,27.53185022,71.15284527,4675,0
204,Equipment,10-12-2015,2713,1,12-06-2019,33.52765213,76.27791389,3151,0
205,Equipment,22-11-2010,5588,8,07-03-2012,15.38232189,25.10620917,4995,0
206,Building,13-04-2019,966,0,01-08-2018,24.53686937,43.13585555,1931,0
207,Equipment,31-05-2016,4944,10,11-03-2013,28.75444085,24.26209334,2978,0
208,Building,20-02-2013,3432,2,19-11-2011,29.45413915,32.64758609,4174,0
209,Vehicle,28-05-2013,688,19,28-04-2019,28.85064863,33.76194662,4077,0
210,Vehicle,02-01-2012,4243,3,08-11-2014,17.68870259,48.14643266,4589,0
211,Vehicle,08-11-2012,3701,17,23-07-2015,20.98791177,36.11373005,4278,0
212,Vehicle,29-05-2019,8533,5,12-11-2014,22.17431051,26.05868641,1885,1
213,Building,10-01-2015,5182,2,04-07-2016,31.08874415,30.04946535,3485,0
214,Vehicle,10-05-2019,9916,10,17-07-2018,20.57519745,28.83653381,1904,1
215,Equipment,10-10-2017,6704,14,31-07-2014,19.21409928,78.38460787,2481,0
216,Equipment,07-01-2014,4422,4,09-04-2015,34.14896038,65.55755042,3853,0
217,Equipment,03-05-2019,9984,19,22-05-2015,15.1772657,78.06568792,1911,1
218,Building,20-01-2012,1759,9,16-02-2012,34.95641711,46.38442919,4571,0
219,Vehicle,13-10-2016,9181,11,20-06-2012,28.53642598,36.7021089,2843,1
220,Vehicle,05-05-2019,2482,14,14-04-2013,31.56938599,67.89759183,1909,0
221,Vehicle,25-10-2015,8058,16,06-08-2016,20.89238793,39.57523508,3197,1
222,Building,04-11-2013,951,9,20-08-2010,15.28630555,37.96300242,3917,0
223,Equipment,05-12-2015,8914,5,14-03-2013,29.75739037,33.95035953,3156,1
224,Equipment,11-07-2016,2079,17,03-10-2014,31.68289194,27.78073869,2937,0
225,Vehicle,29-04-2014,2717,12,22-10-2018,29.80952264,35.38778366,3741,0
226,Equipment,15-01-2016,4524,2,11-03-2014,17.85700575,41.31918491,3115,0
227,Equipment,21-11-2013,9692,9,13-01-2010,30.06855845,60.43965249,3900,1
228,Building,09-10-2011,8477,13,30-12-2012,30.37845564,23.75389053,4674,1
229,Building,26-07-2014,7311,5,01-06-2015,28.17081031,32.63041638,3653,0
230,Building,16-04-2011,7186,2,25-02-2016,30.32231866,68.54141842,4850,0
231,Building,18-02-2015,2065,15,24-05-2017,31.91842879,28.81531542,3446,0
232,Vehicle,23-08-2018,768,6,07-06-2019,27.27208228,40.55870879,2164,0
233,Building,12-03-2012,5490,19,29-09-2015,16.77209428,71.87953531,4519,0
234,Equipment,04-10-2018,6645,13,06-03-2019,24.75255619,29.29551867,2122,0
235,Vehicle,13-01-2018,5083,8,03-09-2018,16.55298669,24.96421014,2386,0
236,Equipment,08-03-2016,5232,14,21-01-2012,23.15086062,49.0722797,3062,0
237,Equipment,20-03-2013,5797,2,28-06-2010,23.14212978,38.14517068,4146,0
238,Equipment,26-11-2013,9138,1,07-03-2014,16.32019688,53.80450187,3895,1
239,Building,27-06-2012,4926,1,23-05-2014,21.97641068,68.22829343,4412,0
240,Building,30-11-2018,6016,2,07-07-2010,17.21996198,28.22890929,2065,0
241,Vehicle,03-04-2015,3335,17,11-10-2011,31.1647042,54.84194507,3402,0
242,Vehicle,06-07-2018,8038,13,01-07-2018,33.95376052,50.33052562,2212,1
243,Building,05-12-2015,4873,19,15-04-2014,16.44632951,28.64472716,3156,0
244,Equipment,04-05-2017,1481,17,23-07-2014,34.10230415,57.43990913,2640,0
245,Vehicle,04-03-2016,6305,9,05-05-2015,25.45153199,36.41842507,3066,0
246,Building,20-03-2013,3451,1,22-07-2012,20.99131356,49.27005911,4146,0
247,Building,18-10-2010,54,0,16-10-2015,16.53724151,24.93633946,5030,0
248,Building,16-08-2019,7643,3,27-05-2018,25.01248536,47.57504343,1806,0
249,Equipment,01-09-2013,3462,13,26-06-2015,30.89031089,38.38780808,3981,0
250,Building,26-02-2012,832,0,24-01-2011,29.14172955,69.34287267,4534,0
251,Building,04-02-2013,5954,13,07-12-2017,16.00452023,23.41872362,4190,0
252,Building,09-01-2016,8519,15,30-04-2013,16.45803671,45.1164365,3121,1
253,Building,19-09-2012,7221,13,19-08-2011,23.05746565,47.50588545,4328,0
254,Vehicle,12-02-2012,3310,19,28-01-2018,20.90580988,63.50036458,4548,0
255,Vehicle,17-06-2013,3300,2,24-12-2010,19.64768646,54.45725451,4057,0
256,Building,02-10-2012,6722,2,04-05-2018,20.62008998,60.03274023,4315,0
257,Equipment,29-06-2014,7218,8,19-08-2013,31.06965487,66.62295714,3680,0
258,Vehicle,03-12-2011,7776,5,07-09-2014,33.58456107,71.73217842,4619,0
259,Building,20-12-2017,3675,12,01-02-2011,23.10205389,38.8325298,2410,0
260,Vehicle,07-11-2017,3054,1,14-09-2014,33.12222004,52.28136232,2453,0
261,Vehicle,29-03-2018,7970,7,26-09-2017,21.42991402,70.40648471,2311,0
262,Equipment,28-03-2016,2143,1,14-01-2019,24.52873973,79.36706786,3042,0
263,Building,04-09-2011,5207,3,09-09-2013,19.52057996,73.37115866,4709,0
264,Building,29-04-2016,9503,14,10-02-2010,27.80952084,42.28803576,3010,1
265,Equipment,01-05-2013,2538,3,11-03-2013,34.5796223,31.70999103,4104,0
266,Equipment,01-02-2015,4547,12,17-08-2017,27.06986192,49.36355224,3463,0
267,Building,14-10-2010,5619,11,09-06-2018,22.15628168,64.49848711,5034,0
268,Building,01-09-2015,8356,12,22-02-2014,27.95634892,49.55414425,3251,1
269,Equipment,27-03-2014,6612,13,15-12-2010,17.45841357,48.9908518,3774,0
270,Vehicle,06-11-2018,5005,19,02-01-2013,32.77318161,70.29382526,2089,0
271,Vehicle,07-06-2012,822,17,01-04-2018,25.06167902,41.68422674,4432,0
272,Equipment,07-11-2019,943,5,15-06-2017,23.98699484,71.58768049,1723,0
273,Vehicle,13-12-2013,6150,10,22-09-2014,26.71729577,44.40828806,3878,0
274,Equipment,21-09-2016,4425,1,14-07-2016,27.49567726,39.69398634,2865,0
275,Vehicle,08-12-2013,8966,18,26-04-2013,16.43551612,47.23939467,3883,1
276,Vehicle,20-12-2015,2198,18,17-02-2013,28.65234442,65.74681752,3141,0
277,Building,28-09-2014,4242,4,27-01-2016,19.83863361,27.56012167,3589,0
278,Building,20-11-2013,3695,18,15-04-2015,29.27905265,31.78515295,3901,0
279,Vehicle,26-11-2014,3452,1,30-12-2019,31.45069589,77.08668954,3530,0
280,Vehicle,30-06-2016,9106,9,20-12-2015,31.07917015,30.52949764,2948,1
281,Building,30-10-2018,1308,1,14-10-2010,26.05001935,54.06363908,2096,0
282,Building,04-04-2012,4177,10,02-11-2015,25.40339785,54.758868,4496,0
283,Building,20-03-2018,8705,17,28-08-2016,17.85751923,49.37746772,2320,1
284,Equipment,19-04-2019,6852,14,24-01-2010,30.50692301,58.68471491,1925,0
285,Vehicle,30-07-2019,6035,8,30-04-2010,20.42818761,33.78960355,1823,0
286,Building,17-12-2012,3594,18,10-05-2015,24.93390846,53.15973607,4239,0
287,Vehicle,14-01-2019,4841,8,03-03-2015,20.68548186,42.33039531,2020,0
288,Equipment,07-07-2019,1409,2,23-01-2017,17.67656726,59.70003558,1846,0
289,Equipment,18-02-2016,4566,8,04-12-2018,27.59115394,28.4734126,3081,0
290,Building,27-02-2018,4491,13,16-04-2014,16.0866407,54.25264501,2341,0
291,Equipment,01-01-2013,1555,18,12-02-2013,29.97290468,31.11622132,4224,0
292,Vehicle,25-04-2015,804,6,02-01-2018,21.35173591,36.71858379,3380,0
293,Building,06-02-2016,1279,15,01-05-2010,15.00269386,33.12258802,3093,0
294,Vehicle,09-04-2011,7083,15,02-06-2010,25.22258278,30.97026679,4857,0
295,Vehicle,23-09-2013,5986,0,12-11-2012,15.93703817,69.54265709,3959,0
296,Equipment,25-10-2010,5619,3,11-10-2010,20.52339116,37.14245406,5023,0
297,Equipment,25-10-2014,1387,3,01-09-2013,29.13952975,75.62742691,3562,0
298,Equipment,09-03-2017,2679,6,15-06-2015,16.25379243,78.19559152,2696,0
299,Equipment,22-03-2017,2106,7,30-05-2012,31.78676985,54.2756282,2683,0
300,Equipment,12-05-2019,8173,16,07-06-2010,15.07639845,28.58006736,1902,1
301,Building,24-08-2012,4223,4,10-12-2011,19.93647738,42.4728946,4354,0
302,Vehicle,04-06-2017,4831,6,11-03-2019,29.81808112,67.8639358,2609,0
303,Vehicle,10-04-2012,2768,19,02-04-2018,21.32540299,42.04344372,4490,0
304,Vehicle,28-11-2018,3186,19,24-11-2011,17.03784776,25.2210331,2067,0
305,Vehicle,04-03-2016,2573,3,22-02-2012,22.20467838,53.40709466,3066,0
306,Equipment,18-08-2018,2599,5,02-08-2014,20.40786573,70.70725109,2169,0
307,Vehicle,20-03-2010,4033,6,09-02-2016,31.85423804,67.75558323,5242,0
308,Building,25-09-2015,8428,17,25-04-2011,21.26695835,30.50738841,3227,1
309,Building,22-09-2014,1304,4,27-03-2016,30.77864944,60.36587686,3595,0
310,Vehicle,29-10-2016,7368,19,02-02-2011,32.8374429,33.23025581,2827,0
311,Vehicle,21-09-2018,5877,2,11-10-2012,23.67634839,33.09245207,2135,0
312,Building,31-01-2016,1301,6,30-07-2014,33.19886288,72.4443064,3099,0
313,Building,19-10-2015,2541,13,21-11-2011,22.54636108,34.98013716,3203,0
314,Equipment,11-12-2016,2051,6,24-01-2013,34.28156833,35.79484079,2784,0
315,Building,20-10-2018,6809,4,17-05-2018,16.78579049,20.03920345,2106,0
316,Equipment,03-07-2015,8633,4,06-02-2019,28.74038533,72.24014205,3311,1
317,Equipment,27-02-2013,8996,1,28-02-2012,24.87628081,67.55568879,4167,1
318,Equipment,24-06-2017,74,5,12-10-2016,22.75297611,57.63973611,2589,0
319,Equipment,28-11-2016,6981,14,15-10-2016,27.65423757,65.01594584,2797,0
320,Equipment,31-12-2018,5475,9,08-01-2013,29.07714183,29.12291405,2034,0
321,Vehicle,09-06-2012,8232,6,25-11-2018,15.08726539,47.49941568,4430,1
322,Building,30-08-2018,7184,4,24-11-2019,18.33906177,41.07316324,2157,0
323,Equipment,19-03-2015,5796,0,31-12-2016,29.26092101,25.62659158,3417,0
324,Building,24-05-2019,7141,12,22-07-2015,28.32770827,49.16782911,1890,0
325,Building,01-08-2011,1622,17,16-10-2018,34.3209501,75.24437902,4743,0
326,Equipment,22-11-2018,8041,12,17-07-2014,30.22075581,22.40354714,2073,1
327,Vehicle,05-12-2014,341,17,31-03-2018,34.01545415,37.48765481,3521,0
328,Equipment,04-09-2019,2074,4,20-03-2014,29.05081003,32.45245617,1787,0
329,Vehicle,03-05-2016,7992,12,07-03-2011,20.96104417,34.28879922,3006,0
330,Building,14-01-2010,645,3,03-07-2015,17.10729845,74.50607311,5307,0
331,Vehicle,20-04-2013,4263,16,27-11-2019,30.63647727,48.08414325,4115,0
332,Vehicle,22-09-2012,8801,2,04-07-2018,27.88298443,47.97796478,4325,1
333,Vehicle,04-12-2015,6136,16,24-04-2012,15.96372025,65.63453855,3157,0
334,Building,21-10-2014,8646,10,22-06-2013,22.20100932,29.26953224,3566,1
335,Building,18-04-2019,9900,19,04-11-2016,34.13599631,49.23592125,1926,1
336,Vehicle,25-04-2012,2969,3,23-04-2014,25.00802291,45.79911285,4475,0
337,Vehicle,04-05-2019,3028,1,03-05-2013,23.65458272,55.81464143,1910,0
338,Equipment,16-03-2013,7643,19,21-02-2016,24.1539921,79.9734622,4150,0
339,Vehicle,27-01-2013,2681,15,16-04-2015,19.17765448,66.16693364,4198,0
340,Equipment,12-06-2012,3629,17,13-11-2013,22.37414342,43.87194218,4427,0
341,Vehicle,29-04-2016,4225,7,25-06-2011,22.39626512,69.65318314,3010,0
342,Equipment,05-10-2013,3067,2,24-09-2016,16.0471004,30.2425018,3947,0
343,Building,23-11-2014,5941,8,15-08-2016,30.35135257,21.82782118,3533,0
344,Vehicle,19-05-2014,1386,19,04-07-2018,23.33008864,32.26690235,3721,0
345,Vehicle,29-04-2015,2866,5,07-11-2012,31.44359774,40.42469337,3376,0
346,Vehicle,22-11-2018,4788,9,02-01-2017,32.00696002,50.63484545,2073,0
347,Vehicle,06-01-2018,5490,9,28-11-2017,19.23988109,56.90774843,2393,0
348,Equipment,24-08-2013,4124,12,24-12-2014,28.14706964,74.63634303,3989,0
349,Vehicle,27-06-2012,8340,16,26-08-2010,24.44563608,50.59124057,4412,1
350,Building,03-03-2011,3850,8,03-04-2019,32.60313476,50.07653868,4894,0
351,Building,04-10-2019,5415,16,08-08-2015,19.31481358,23.01458059,1757,0
352,Vehicle,13-03-2014,7679,8,08-10-2016,28.55626401,22.09469316,3788,0
353,Building,26-06-2011,6819,8,07-10-2016,27.15504245,53.06959771,4779,0
354,Vehicle,04-08-2013,9328,0,02-06-2014,20.90602955,46.29071679,4009,1
355,Vehicle,04-03-2016,8378,1,18-08-2019,17.73201807,70.3508237,3066,1
356,Building,24-05-2018,9442,15,02-06-2018,28.03279521,29.64077508,2255,1
357,Vehicle,26-03-2016,1333,0,19-04-2015,29.77194916,21.49829973,3044,0
358,Building,06-02-2019,4150,9,20-09-2017,21.31254688,46.94232608,1997,0
359,Equipment,26-08-2015,6766,17,01-12-2019,27.89665208,34.24871341,3257,0
360,Vehicle,31-12-2018,2711,7,22-07-2017,22.90261815,22.9768624,2034,0
361,Equipment,15-07-2011,4853,10,08-11-2010,29.26413767,63.47589721,4760,0
362,Building,24-02-2019,6212,1,30-01-2015,18.9843055,26.69558,1979,0
363,Equipment,29-12-2011,7479,7,22-11-2013,32.80430005,56.49917,4593,0
364,Equipment,18-05-2014,5408,7,30-03-2019,20.74819193,36.86298501,3722,0
365,Building,23-07-2015,9977,16,25-11-2010,22.35571976,30.40976302,3291,1
366,Equipment,03-07-2012,7715,14,20-09-2011,16.16183904,42.78509138,4406,0
367,Equipment,11-03-2018,8942,16,23-12-2014,17.23024425,68.08674657,2329,1
368,Building,03-05-2012,1762,12,15-09-2019,25.31723805,43.52561461,4467,0
369,Equipment,04-06-2018,7101,18,17-05-2010,20.35185353,65.04617895,2244,0
370,Building,03-02-2015,7674,4,28-09-2018,31.70960451,27.52917781,3461,0
371,Equipment,13-02-2017,6122,11,24-09-2011,15.29386777,66.36628518,2720,0
372,Building,16-04-2010,481,0,27-05-2013,22.58188097,34.21599949,5215,0
373,Building,14-11-2018,153,4,22-11-2012,21.74691094,60.64358779,2081,0
374,Equipment,06-05-2014,7617,7,27-09-2014,15.38655262,53.94689329,3734,0
375,Equipment,18-12-2013,1524,12,04-03-2011,17.48736798,75.74868303,3873,0
376,Equipment,09-09-2018,2120,7,30-05-2014,23.2728535,43.23935108,2147,0
377,Vehicle,07-10-2017,2343,10,14-04-2010,24.85729169,23.96991133,2484,0
378,Vehicle,17-03-2011,5136,0,28-01-2018,23.08579495,21.14932913,4880,0
379,Vehicle,06-07-2016,5760,12,23-04-2018,25.61875357,69.61151366,2942,0
380,Building,02-09-2014,1240,18,19-12-2016,26.9026335,51.48413826,3615,0
381,Equipment,14-07-2017,60,2,13-06-2013,15.19847642,66.51464311,2569,0
382,Building,05-02-2019,9130,16,07-04-2013,24.28190319,34.065536,1998,1
383,Vehicle,29-06-2015,1639,4,19-12-2019,34.26998482,40.70502473,3315,0
384,Equipment,07-01-2012,6185,19,16-01-2016,25.3806456,21.80623233,4584,0
385,Building,30-07-2016,7970,7,02-04-2015,28.55084535,77.68953947,2918,0
386,Equipment,03-12-2010,1252,13,27-07-2015,21.23727716,60.0720744,4984,0
387,Building,26-07-2010,4203,3,10-09-2010,30.47982756,75.99230527,5114,0
388,Equipment,06-04-2016,8363,10,05-02-2016,30.45842964,35.92978445,3033,1
389,Vehicle,24-09-2013,9650,19,29-07-2019,25.42592095,56.68781667,3958,1
390,Vehicle,06-10-2016,3549,14,06-11-2013,34.52027647,60.7099981,2850,0
391,Equipment,29-03-2015,4197,18,20-05-2010,17.5110043,39.05298202,3407,0
392,Building,28-02-2012,7009,6,06-01-2010,15.3389533,70.8865541,4532,0
393,Vehicle,27-02-2015,6667,18,13-05-2015,30.40316424,76.82968777,3437,0
394,Vehicle,30-06-2010,2322,18,24-09-2011,31.14311075,73.09130706,5140,0
395,Vehicle,27-12-2017,9828,10,17-05-2011,17.40414458,64.34401856,2403,1
396,Equipment,22-08-2017,4090,4,08-06-2018,20.31165666,36.64788078,2530,0
397,Equipment,14-04-2014,6960,4,30-08-2017,15.35104727,36.89696253,3756,0
398,Building,07-10-2015,3004,7,06-05-2012,20.86617222,77.80161923,3215,0
399,Building,22-05-2012,5136,9,16-03-2014,30.46283748,20.61706976,4448,0
400,Building,16-10-2019,329,5,29-11-2013,25.35921055,62.96299839,1745,0
401,Equipment,24-05-2015,3640,14,13-01-2010,21.96191186,62.37476975,3351,0
402,Equipment,26-09-2013,7982,15,13-07-2010,22.4347859,57.36137246,3956,0
403,Building,19-05-2018,4107,16,04-07-2015,15.02707251,79.40653077,2260,0
404,Building,02-07-2019,1341,7,23-07-2013,20.99601055,38.71276615,1851,0
405,Equipment,08-01-2013,8407,7,27-09-2016,27.92917483,40.39831183,4217,1
406,Building,12-11-2016,338,8,28-10-2016,34.48388888,24.73636418,2813,0
407,Vehicle,01-06-2012,5895,1,13-04-2014,31.94121654,46.56788819,4438,0
408,Equipment,25-08-2018,2708,14,03-11-2018,15.47189929,35.66291157,2162,0
409,Building,07-09-2016,1750,17,02-03-2011,32.97121209,40.60320213,2879,0
410,Equipment,15-10-2017,5604,2,15-03-2011,30.66396827,70.07430742,2476,0
411,Vehicle,09-03-2014,2421,16,07-10-2014,30.60752247,76.12907081,3792,0
412,Equipment,17-07-2015,7119,3,30-07-2010,24.15991518,31.14398432,3297,0
413,Equipment,19-04-2015,8901,3,09-10-2010,22.96010586,42.35053589,3386,1
414,Equipment,21-10-2017,5319,13,02-09-2014,21.05831458,75.71783373,2470,0
415,Equipment,08-04-2013,6609,8,25-08-2019,16.31389718,23.70850764,4127,0
416,Vehicle,10-09-2017,5387,8,26-06-2011,19.56470727,25.54163169,2511,0
417,Equipment,11-12-2012,3993,17,28-07-2017,19.9320727,29.76745935,4245,0
418,Equipment,13-07-2012,8680,9,24-02-2017,24.68154139,55.71277005,4396,1
419,Building,30-12-2017,8044,3,25-02-2019,29.94888813,29.02833626,2400,1
420,Equipment,03-04-2017,8238,11,13-04-2011,24.47619657,78.08458289,2671,1
421,Building,04-01-2013,4873,7,02-06-2011,16.15688899,46.80287164,4221,0
422,Vehicle,14-03-2012,4806,1,19-07-2019,34.15579602,50.09107762,4517,0
423,Vehicle,16-03-2019,8592,12,01-09-2013,33.85448638,34.79951695,1959,1
424,Vehicle,22-11-2017,5913,15,06-05-2015,30.70379086,48.25761515,2438,0
425,Vehicle,13-06-2010,7124,1,28-03-2016,34.82655803,59.71481796,5157,0
426,Building,21-02-2018,3157,10,04-09-2012,25.88964666,65.07062822,2347,0
427,Equipment,16-06-2017,390,9,27-02-2017,34.25536701,65.23208496,2597,0
428,Vehicle,07-01-2013,4430,14,28-07-2019,16.51210081,54.67346676,4218,0
429,Equipment,23-12-2017,8820,16,18-10-2012,22.31361497,74.2615865,2407,1
430,Building,28-01-2014,7686,7,07-10-2013,19.50762536,69.04447084,3832,0
431,Building,16-07-2010,4232,17,01-11-2012,18.91666168,65.42288688,5124,0
432,Building,25-06-2012,8007,8,13-02-2010,17.81605898,23.3363313,4414,1
433,Vehicle,07-11-2018,1521,7,24-05-2011,27.44827283,20.41267773,2088,0
434,Equipment,28-12-2011,9018,13,26-04-2015,30.62643711,32.74683663,4594,1
435,Equipment,16-09-2017,1500,17,22-11-2016,26.56596799,59.81141563,2505,0
436,Equipment,23-11-2014,6737,19,27-11-2017,17.93925419,44.67184933,3533,0
437,Building,11-05-2010,3294,19,05-02-2015,31.2224754,44.14437556,5190,0
438,Vehicle,02-07-2014,5085,11,08-07-2016,27.71909414,73.07521329,3677,0
439,Building,17-03-2014,2419,18,10-08-2017,22.76331412,73.73377089,3784,0
440,Building,18-02-2015,9126,13,21-09-2018,28.48260591,74.55051584,3446,1
441,Equipment,27-07-2011,3042,16,22-10-2015,20.19809958,38.83268459,4748,0
442,Building,05-09-2017,4497,2,05-06-2019,21.90384417,61.46334876,2516,0
443,Equipment,12-08-2015,1466,6,21-03-2015,33.34971686,36.29799088,3271,0
444,Vehicle,14-01-2016,3561,16,15-04-2010,20.81009011,31.43658998,3116,0
445,Equipment,28-06-2012,614,11,12-11-2019,24.39976536,31.07794744,4411,0
446,Vehicle,04-06-2012,5392,8,21-02-2017,32.80282275,40.52645725,4435,0
447,Equipment,13-12-2016,7693,14,29-10-2017,29.15442701,45.79745719,2782,0
448,Building,25-12-2012,9374,17,11-08-2011,16.24406452,69.85695026,4231,1
449,Building,02-04-2016,3223,12,30-03-2015,17.94606089,27.19346561,3037,0
450,Vehicle,21-05-2013,7138,7,11-06-2014,15.15683182,64.09555084,4084,0
451,Vehicle,29-08-2015,2667,13,14-05-2013,27.6184358,51.88729485,3254,0
452,Vehicle,23-10-2018,7980,7,12-04-2011,23.95346851,37.27672056,2103,0
453,Equipment,17-12-2019,130,13,04-01-2010,17.68549702,49.56917507,1683,0
454,Equipment,08-07-2016,2983,6,10-03-2017,34.15868242,37.99652419,2940,0
455,Vehicle,11-08-2010,4278,11,07-01-2019,25.59319448,55.76491731,5098,0
456,Building,22-07-2017,7126,10,22-03-2016,19.83786588,46.03063537,2561,0
457,Equipment,20-08-2013,8230,10,02-01-2013,25.01207142,29.86433174,3993,1
458,Equipment,20-04-2012,7694,12,23-04-2017,28.59240665,26.99498447,4480,0
459,Equipment,28-05-2019,6640,17,26-02-2019,16.52478436,52.80174092,1886,0
460,Vehicle,21-01-2012,5468,1,10-04-2012,20.4940763,74.144782,4570,0
461,Vehicle,31-01-2011,920,14,02-10-2018,31.13930982,40.63746119,4925,0
462,Vehicle,22-11-2013,7564,19,15-11-2010,24.19329741,63.98000643,3899,0
463,Vehicle,07-06-2017,8684,17,21-05-2011,25.93154284,59.5196813,2606,1
464,Vehicle,15-01-2013,9323,14,02-07-2016,23.65632004,75.89329486,4210,1
465,Building,21-01-2010,8502,18,17-08-2013,15.87799885,69.25886104,5300,1
466,Building,09-01-2013,8930,11,08-07-2015,18.3149956,53.99631553,4216,1
467,Vehicle,23-07-2017,3241,12,10-04-2011,23.91083277,59.42182989,2560,0
468,Equipment,29-07-2014,545,10,07-01-2013,19.18370931,73.903188,3650,0
469,Vehicle,31-12-2012,4346,4,12-05-2015,15.99958057,43.97112708,4225,0
470,Building,09-04-2013,9996,0,15-02-2016,31.87299328,39.60768235,4126,1
471,Building,01-02-2019,3810,2,15-12-2017,34.62385058,20.64866502,2002,0
472,Equipment,05-06-2010,7206,18,01-12-2016,30.86285748,69.59306445,5165,0
473,Building,09-02-2013,9005,6,11-08-2017,32.07569843,68.05884202,4185,1
474,Vehicle,09-07-2012,2032,11,31-07-2014,19.83954261,26.26727109,4400,0
475,Equipment,10-08-2015,8436,14,26-05-2015,34.21253951,54.61144287,3273,1
476,Vehicle,29-11-2013,271,4,22-10-2013,18.93851409,47.83890189,3892,0
477,Vehicle,10-03-2012,3511,14,18-03-2018,34.02859621,27.12254573,4521,0
478,Equipment,10-10-2013,1771,7,16-10-2019,34.89638588,78.83409362,3942,0
479,Vehicle,04-04-2018,9454,9,19-09-2012,29.23445611,32.88175325,2305,1
480,Building,27-03-2016,4361,15,23-10-2018,34.62287464,24.03405081,3043,0
481,Vehicle,13-02-2011,7069,7,08-06-2014,26.39079559,55.69084277,4912,0
482,Equipment,03-12-2018,920,0,12-10-2017,20.19083566,64.33200063,2062,0
483,Equipment,08-01-2011,8190,11,16-05-2010,23.73991771,21.94660676,4948,1
484,Equipment,12-07-2018,3430,4,30-11-2010,26.87121871,59.52305832,2206,0
485,Vehicle,28-03-2017,4435,2,03-04-2018,16.46163124,51.93751256,2677,0
486,Equipment,03-01-2016,3760,0,31-07-2010,27.44686529,26.19590053,3127,0
487,Equipment,19-03-2017,2050,3,24-10-2019,34.62355674,30.35143262,2686,0
488,Vehicle,13-06-2011,1165,7,21-07-2015,18.802153,54.07845784,4792,0
489,Building,31-05-2018,8567,2,14-01-2016,30.85190233,37.78145681,2248,1
490,Vehicle,25-02-2014,2033,9,01-05-2014,33.15797588,76.29894372,3804,0
491,Equipment,06-04-2018,6467,1,12-01-2013,33.87403186,69.12441377,2303,0
492,Equipment,16-11-2016,145,10,01-01-2018,34.20271209,79.01403239,2809,0
493,Vehicle,19-09-2010,4388,9,02-03-2015,25.42919277,35.58025034,5059,0
494,Building,21-04-2018,7832,13,28-04-2014,34.54615816,78.18341797,2288,0
495,Equipment,09-07-2010,8623,6,24-08-2014,30.14620414,45.87403219,5131,1
496,Equipment,02-11-2018,8896,1,09-01-2015,18.23342872,40.85112772,2093,1
497,Equipment,19-10-2016,8173,8,13-11-2016,24.53800213,23.02097162,2837,1
498,Vehicle,15-10-2019,2632,15,13-08-2019,29.36662351,23.16591547,1746,0
499,Equipment,17-07-2013,4494,12,06-04-2013,19.94680632,61.52067536,4027,0
500,Building,27-12-2017,8056,8,10-06-2013,27.81230367,47.47573967,2403,1
501,Equipment,26-04-2011,7511,19,02-09-2012,28.33200958,33.59129756,4840,0
502,Equipment,25-01-2019,9155,3,12-05-2016,18.25399488,56.83821838,2009,1
503,Building,29-11-2017,1828,9,21-08-2012,26.30170625,35.1714871,2431,0
504,Equipment,07-07-2012,9130,11,22-11-2016,30.43253822,54.65790526,4402,1
505,Vehicle,01-12-2017,4805,16,26-05-2014,24.97791329,41.55252482,2429,0
506,Vehicle,27-10-2012,806,13,08-06-2013,15.24206234,69.4131336,4290,0
507,Vehicle,12-08-2014,9655,13,20-04-2017,15.18076938,69.24176965,3636,1
508,Building,28-05-2013,7486,1,04-04-2013,22.14058688,48.64102389,4077,0
509,Equipment,14-03-2019,8202,19,23-06-2015,33.52388137,41.04914656,1961,1
510,Vehicle,05-02-2018,1868,10,05-02-2014,19.57353559,41.75358779,2363,0
511,Building,07-08-2011,7878,15,16-02-2019,27.68727378,68.34287154,4737,0
512,Equipment,11-10-2010,5690,18,17-06-2010,19.44151741,39.69076897,5037,0
513,Building,10-07-2016,7827,5,28-08-2018,21.43339979,32.54356242,2938,0
514,Vehicle,06-01-2013,5429,18,19-12-2017,31.96084179,25.08130051,4219,0
515,Vehicle,27-07-2013,9076,4,04-05-2011,29.57722885,48.00158725,4017,1
516,Vehicle,08-06-2014,3564,3,15-11-2010,16.90798555,48.92792594,3701,0
517,Building,29-04-2016,1389,14,16-12-2019,23.57404042,70.45452262,3010,0
518,Building,06-02-2013,7274,3,11-07-2015,15.58339527,33.27432179,4188,0
519,Vehicle,21-01-2016,824,19,19-01-2013,24.61780293,42.85947642,3109,0
520,Building,10-05-2015,2265,9,06-08-2010,28.24868023,68.50434433,3365,0
521,Vehicle,17-02-2018,936,2,09-04-2015,17.37005247,69.41741664,2351,0
522,Vehicle,09-02-2017,6402,4,23-05-2016,20.77769878,43.07666456,2724,0
523,Equipment,04-12-2010,3845,5,03-05-2013,22.95673251,47.5474414,4983,0
524,Building,02-12-2012,1796,7,23-04-2016,33.39062049,38.19715345,4254,0
525,Vehicle,15-11-2016,8245,6,06-04-2016,34.86510031,75.95329271,2810,1
526,Vehicle,13-03-2018,7214,9,10-10-2019,15.89822598,27.11862594,2327,0
527,Building,23-08-2015,726,5,05-01-2015,30.22015847,76.02496538,3260,0
528,Equipment,15-09-2012,2736,13,28-03-2016,22.43448133,61.03198711,4332,0
529,Equipment,07-08-2017,1913,3,19-04-2010,22.84916372,51.89432916,2545,0
530,Vehicle,10-02-2013,9788,12,22-11-2016,30.08529947,21.95954365,4184,1
531,Building,11-05-2013,7657,19,17-06-2016,33.36852864,48.53577151,4094,0
532,Equipment,01-11-2017,2466,16,25-05-2010,34.01857189,44.4648863,2459,0
533,Building,30-11-2012,9041,6,03-11-2010,26.54245172,29.67312872,4256,1
534,Building,09-05-2014,7312,3,30-01-2018,22.14242319,59.38457621,3731,0
535,Vehicle,18-06-2019,8194,13,17-12-2019,30.75098172,78.26905444,1865,1
536,Equipment,05-08-2016,7906,2,15-01-2013,20.02002767,53.73132866,2912,0
537,Vehicle,17-02-2010,4876,4,02-08-2013,26.28148058,62.88519659,5273,0
538,Equipment,16-02-2011,7287,15,06-02-2018,22.17156923,24.10702715,4909,0
539,Equipment,13-05-2014,892,19,20-12-2014,28.13262147,45.06001975,3727,0
540,Equipment,16-08-2018,4675,3,24-08-2019,19.80797826,26.98150911,2171,0
541,Equipment,10-07-2017,1933,1,20-11-2010,18.83185891,56.76775013,2573,0
542,Equipment,02-03-2011,1380,17,27-02-2011,33.36478173,76.30892949,4895,0
543,Building,07-04-2016,1290,18,09-05-2016,17.03607366,59.70666395,3032,0
544,Vehicle,09-02-2019,1640,18,17-10-2015,25.11915815,24.6081829,1994,0
545,Building,17-01-2015,7490,16,09-05-2014,19.41705566,41.2799723,3478,0
546,Equipment,06-04-2017,9179,13,14-10-2012,15.77859927,53.03980277,2668,1
547,Vehicle,13-06-2016,1218,18,08-09-2017,15.72037637,44.19246537,2965,0
548,Equipment,16-05-2011,5016,12,29-04-2014,18.50443544,70.01864063,4820,0
549,Vehicle,17-10-2018,6881,11,16-04-2010,32.33540709,68.88026028,2109,0
550,Building,15-11-2012,9547,5,13-02-2010,20.64957488,56.70986121,4271,1
551,Vehicle,15-01-2018,9752,3,25-06-2010,34.00918341,42.40747671,2384,1
552,Vehicle,11-04-2016,9610,18,05-01-2015,26.63244586,35.32018243,3028,1
553,Vehicle,13-08-2010,954,15,12-06-2015,23.7322838,26.35245909,5096,0
554,Vehicle,05-10-2010,9175,12,13-09-2012,26.60177669,41.29386101,5043,1
555,Vehicle,28-09-2013,7291,3,25-07-2010,25.3339677,44.79035103,3954,0
556,Equipment,03-01-2018,974,16,05-04-2014,30.17552508,60.54937551,2396,0
557,Vehicle,11-09-2014,4133,0,12-08-2019,20.64992132,59.48958946,3606,0
558,Vehicle,21-01-2015,5370,17,18-05-2013,22.06100783,24.20648838,3474,0
559,Building,27-09-2017,3972,19,19-01-2019,32.88188605,43.71555893,2494,0
560,Vehicle,22-04-2014,5295,16,08-07-2018,33.92913026,30.90673203,3748,0
561,Building,31-05-2016,9105,14,23-05-2016,32.85116455,29.40876232,2978,1
562,Equipment,29-09-2011,8228,10,27-04-2019,23.38895988,69.63812898,4684,1
563,Vehicle,22-04-2018,9903,12,18-03-2015,30.60731006,22.514913,2287,1
564,Building,13-12-2014,3020,0,28-12-2013,24.52671467,45.15097255,3513,0
565,Building,13-11-2011,8987,16,07-08-2017,24.95079704,30.09221935,4639,1
566,Equipment,11-11-2016,4036,5,15-09-2019,19.09360218,72.75981294,2814,0
567,Vehicle,25-09-2013,5068,3,05-12-2017,26.82260607,53.4224308,3957,0
568,Vehicle,29-10-2017,5233,19,27-01-2011,18.72271796,33.88283818,2462,0
569,Building,21-09-2017,9516,15,12-06-2015,21.63129398,50.14563723,2500,1
570,Vehicle,16-06-2015,317,14,12-09-2018,32.10060403,63.88918158,3328,0
571,Building,01-04-2018,2396,14,16-05-2018,19.14151618,77.48708054,2308,0
572,Vehicle,16-12-2016,2162,5,30-12-2018,16.4231657,33.22676025,2779,0
573,Building,25-08-2011,2745,14,20-07-2018,16.38015185,73.17090633,4719,0
574,Vehicle,14-07-2016,1591,13,24-03-2013,33.81569041,76.05824685,2934,0
575,Equipment,27-08-2017,6183,10,24-02-2017,25.13840876,74.98523267,2525,0
576,Vehicle,20-07-2017,3930,6,29-02-2012,23.18824144,58.12486141,2563,0
577,Vehicle,17-05-2019,1312,8,12-07-2013,31.21757162,57.78923927,1897,0
578,Equipment,19-01-2010,9477,15,29-01-2019,31.71651856,44.19263799,5302,1
579,Vehicle,21-03-2014,4311,4,12-10-2010,21.64382066,65.14387294,3780,0
580,Equipment,13-06-2017,7314,19,19-02-2010,28.87236115,51.8776411,2600,0
581,Vehicle,20-02-2019,2383,9,25-03-2016,30.42245632,60.64628427,1983,0
582,Building,10-01-2015,3239,17,09-08-2013,28.09301374,45.70747423,3485,0
583,Building,24-01-2011,2139,2,21-11-2016,18.0319015,63.88978784,4932,0
584,Vehicle,17-03-2017,1704,12,29-07-2014,32.51766167,69.46829106,2688,0
585,Vehicle,19-05-2013,6924,10,07-03-2015,25.78189105,28.7861754,4086,0
586,Vehicle,08-05-2016,362,16,30-06-2010,20.64944853,69.97578293,3001,0
587,Building,07-11-2013,2604,12,11-12-2017,23.50456371,52.41779191,3914,0
588,Vehicle,18-08-2015,9908,5,24-10-2018,15.75142181,70.67995455,3265,1
589,Building,20-11-2014,4286,16,25-08-2017,17.55733602,45.87810238,3536,0
590,Equipment,09-03-2018,3738,12,03-08-2013,30.31093501,42.74242912,2331,0
591,Building,23-10-2015,2469,18,18-10-2010,15.0002327,74.90364395,3199,0
592,Building,05-04-2019,4795,18,20-03-2013,23.33131657,35.07015605,1939,0
593,Equipment,21-07-2019,6150,9,26-06-2016,25.45020362,70.65273952,1832,0
594,Building,13-09-2017,556,2,09-06-2018,16.0926884,49.04123435,2508,0
595,Vehicle,28-03-2018,9017,13,20-03-2013,34.46156326,50.84572655,2312,1
596,Vehicle,02-07-2014,2808,18,05-03-2018,19.52250662,38.50809689,3677,0
597,Building,30-10-2017,5150,4,29-12-2010,21.08397439,54.38253204,2461,0
598,Vehicle,27-12-2017,7561,4,04-11-2012,21.07885025,39.51267178,2403,0
599,Building,31-10-2012,2719,19,07-02-2010,19.60833324,22.35616485,4286,0
600,Vehicle,15-03-2015,6506,16,17-06-2011,15.02947644,36.31991632,3421,0
601,Vehicle,03-05-2015,3741,9,18-08-2011,29.58689588,20.3827426,3372,0
602,Building,13-05-2013,9766,4,07-12-2015,34.33691,78.70128722,4092,1
603,Vehicle,12-02-2018,3998,3,10-11-2014,19.48586967,77.94483259,2356,0
604,Building,17-05-2017,2403,5,25-07-2017,28.26094384,43.70931785,2627,0
605,Vehicle,12-06-2012,8780,3,11-10-2010,29.83792654,63.70225126,4427,1
606,Vehicle,09-03-2013,9739,6,26-04-2015,31.96850758,40.7483659,4157,1
607,Equipment,09-12-2019,294,6,28-01-2012,23.45258394,60.26558943,1691,0
608,Equipment,05-04-2014,5343,17,21-07-2013,21.05861811,68.32580258,3765,0
609,Building,13-10-2012,9882,2,25-10-2016,21.50590268,76.80537468,4304,1
610,Equipment,31-01-2016,1136,0,01-05-2013,29.25242666,44.01273655,3099,0
611,Building,05-06-2016,2064,3,07-08-2014,31.33558933,66.99787898,2973,0
612,Equipment,28-03-2011,7009,5,19-01-2012,18.63227936,35.95570704,4869,0
613,Vehicle,30-04-2012,4543,8,15-10-2013,22.41882016,79.41993823,4470,0
614,Building,29-05-2016,1007,13,13-02-2015,33.03880393,21.54617593,2980,0
615,Building,30-05-2019,5445,11,08-06-2013,31.13387039,56.21172839,1884,0
616,Vehicle,12-08-2013,5352,19,10-02-2019,34.69716806,59.5703589,4001,0
617,Building,12-05-2019,9439,3,27-05-2011,30.08496519,61.28273342,1902,1
618,Building,22-06-2015,1435,11,07-03-2016,22.86390402,27.22325473,3322,0
619,Equipment,17-05-2016,571,9,02-10-2016,26.81275668,76.31178701,2992,0
620,Building,04-07-2014,2382,6,11-11-2017,28.22028508,30.87099674,3675,0
621,Vehicle,03-11-2015,9437,2,10-10-2013,16.56911633,57.36520419,3188,1
622,Equipment,02-04-2010,5084,13,16-08-2010,25.88993918,33.36056475,5229,0
623,Equipment,12-08-2011,277,9,27-11-2018,29.18641657,38.43298502,4732,0
624,Vehicle,26-03-2013,7059,15,15-11-2010,18.34642608,52.7875125,4140,0
625,Vehicle,07-07-2016,1887,15,16-10-2017,30.61263435,45.03160511,2941,0
626,Equipment,04-04-2018,1265,9,16-04-2010,26.67545561,29.61353606,2305,0
627,Building,01-10-2015,7491,12,04-05-2013,34.04443571,30.25618415,3221,0
628,Equipment,23-03-2017,1040,5,14-04-2012,15.84844596,45.08868729,2682,0
629,Vehicle,09-10-2012,9109,11,08-03-2016,20.30652275,65.4369787,4308,1
630,Equipment,07-04-2016,8073,8,22-06-2013,27.03107759,73.87787881,3032,1
631,Vehicle,23-02-2017,9077,12,19-07-2012,20.93119824,25.04765974,2710,1
632,Equipment,13-04-2016,2752,3,28-06-2012,29.28848328,43.58623445,3026,0
633,Building,08-04-2013,8213,10,01-12-2019,30.18010565,26.01473382,4127,1
634,Equipment,27-09-2016,4569,19,04-11-2015,17.05031928,20.99554884,2859,0
635,Equipment,21-08-2015,6353,17,03-07-2018,25.27708928,59.70312096,3262,0
636,Vehicle,13-11-2013,2353,10,17-02-2011,25.17781111,56.14696652,3908,0
637,Vehicle,19-07-2010,7437,3,25-01-2010,22.3856154,29.78114683,5121,0
638,Vehicle,30-12-2017,4799,17,14-02-2010,33.65849725,34.02876999,2400,0
639,Equipment,01-05-2012,686,0,30-12-2016,31.5501264,21.42246522,4469,0
640,Building,22-04-2012,8476,6,28-12-2016,28.94418764,70.09683234,4478,1
641,Vehicle,28-11-2013,4811,5,18-07-2015,29.28653271,78.48143576,3893,0
642,Vehicle,20-05-2017,8954,14,21-04-2018,24.23432288,28.12757221,2624,1
643,Equipment,27-04-2013,5346,17,26-09-2019,33.41989042,33.88851283,4108,0
644,Vehicle,23-05-2011,5043,10,31-03-2017,28.89190855,72.10457144,4813,0
645,Building,05-05-2017,2428,19,31-01-2016,29.57962123,75.58782788,2639,0
646,Building,25-03-2013,5126,14,10-08-2017,32.23381808,45.17764297,4141,0
647,Vehicle,29-06-2011,8220,15,12-08-2016,20.48143179,23.03734834,4776,1
648,Vehicle,21-09-2011,9098,6,16-03-2016,31.14141808,22.36351002,4692,1
649,Equipment,12-11-2014,7813,9,26-05-2015,18.90481206,54.43699196,3544,0
650,Building,20-10-2014,9645,11,24-05-2015,21.90683904,43.57370653,3567,1
651,Building,21-01-2010,3356,13,21-09-2013,21.71220909,21.71914565,5300,0
652,Vehicle,03-05-2012,8707,4,18-03-2019,34.57050937,54.99514354,4467,1
653,Equipment,11-08-2017,7266,17,01-05-2013,32.13074447,20.6781522,2541,0
654,Building,09-09-2014,6540,4,22-05-2013,29.02339723,67.24231749,3608,0
655,Building,18-12-2018,38,2,01-11-2019,29.54113523,38.38596936,2047,0
656,Equipment,27-03-2016,3342,4,19-02-2019,26.24145589,22.41548018,3043,0
657,Equipment,27-02-2013,9078,16,22-09-2010,33.94181334,55.30113326,4167,1
658,Building,31-08-2012,2844,18,02-01-2015,24.92517506,43.86106487,4347,0
659,Building,28-08-2019,1098,18,28-01-2017,22.6103542,78.4280248,1794,0
660,Equipment,30-08-2015,7027,11,22-05-2013,18.26070674,52.65191975,3253,0
661,Building,19-10-2014,1823,8,20-07-2017,30.72411305,36.51435086,3568,0
662,Vehicle,12-01-2015,3155,0,19-10-2011,29.68887864,62.56633188,3483,0
663,Vehicle,18-01-2016,3093,17,03-03-2012,22.68710077,36.28952015,3112,0
664,Equipment,23-02-2013,5658,3,02-01-2015,15.50386828,74.25459748,4171,0
665,Equipment,03-12-2011,3778,9,25-11-2018,31.77994655,42.48331823,4619,0
666,Equipment,09-04-2018,2896,6,30-11-2019,15.22835967,52.99211377,2300,0
667,Vehicle,25-01-2010,988,0,14-11-2014,29.07399559,23.03438623,5296,0
668,Building,17-02-2012,4116,16,16-03-2015,34.40514219,45.56727428,4543,0
669,Vehicle,27-08-2011,6446,1,01-04-2019,23.75322656,69.94181238,4717,0
670,Building,01-11-2011,4179,10,21-03-2014,19.6994681,68.33892832,4651,0
671,Vehicle,26-04-2010,1682,8,01-12-2019,29.0974202,33.45911353,5205,0
672,Building,08-11-2011,5626,6,29-09-2018,31.34256284,33.56474426,4644,0
673,Vehicle,23-10-2016,7424,16,24-05-2016,25.92860632,69.03831873,2833,0
674,Equipment,24-05-2016,933,16,12-05-2016,34.34070551,75.82390521,2985,0
675,Vehicle,17-11-2011,3598,1,01-02-2014,16.03337443,25.72165528,4635,0
676,Building,14-05-2012,1980,5,19-04-2012,25.09591197,47.00351837,4456,0
677,Vehicle,09-10-2018,3056,13,24-07-2010,29.36907895,40.24725674,2117,0
678,Vehicle,26-12-2015,8984,5,10-11-2018,32.25280942,72.24130733,3135,1
679,Vehicle,31-05-2014,791,1,10-07-2015,18.58511224,25.01149488,3709,0
680,Equipment,27-07-2013,5390,0,11-06-2019,31.00006964,32.66755655,4017,0
681,Vehicle,13-10-2011,6635,9,28-10-2011,26.05414151,65.14810026,4670,0
682,Equipment,05-01-2013,2255,4,16-07-2015,22.93107364,23.07763094,4220,0
683,Equipment,09-02-2016,3610,1,23-05-2010,17.63430057,49.55212284,3090,0
684,Vehicle,24-12-2014,1607,15,03-06-2016,32.30591518,46.52642208,3502,0
685,Vehicle,06-09-2012,5179,1,14-09-2017,18.14546416,40.06407074,4341,0
686,Vehicle,05-07-2016,6573,9,23-06-2013,21.19575718,43.67433892,2943,0
687,Building,12-11-2011,984,1,23-03-2019,20.80091064,51.79643522,4640,0
688,Vehicle,03-11-2014,5776,15,02-04-2012,32.42828068,29.6820415,3553,0
689,Equipment,31-08-2016,3676,15,20-11-2015,28.45405988,54.3197527,2886,0
690,Vehicle,08-03-2010,3380,18,05-10-2012,30.93362794,68.32593976,5254,0
691,Building,14-09-2013,8711,6,04-06-2016,20.00935798,65.60965579,3968,1
692,Vehicle,05-05-2018,8782,11,03-03-2015,27.49748199,29.23399428,2274,1
693,Building,30-01-2013,1050,14,06-11-2016,26.43491966,28.95496818,4195,0
694,Building,16-10-2011,3633,7,20-08-2014,31.65660754,36.09046206,4667,0
695,Vehicle,02-09-2011,6342,5,25-02-2012,33.12174121,41.66448358,4711,0
696,Equipment,11-06-2018,959,9,29-08-2015,15.24313543,44.50733488,2237,0
697,Building,11-07-2019,6059,2,15-08-2019,28.48039838,60.78183301,1842,0
698,Vehicle,27-02-2018,8884,18,09-09-2015,16.03671598,23.40082593,2341,1
699,Vehicle,09-08-2014,5655,16,21-06-2016,25.9771733,22.08036225,3639,0
700,Equipment,05-06-2016,4473,6,05-05-2014,20.75265458,43.51463378,2973,0
701,Building,26-02-2015,2946,19,07-01-2016,21.13553199,61.82982153,3438,0
702,Building,31-05-2019,7725,3,19-07-2016,22.05917007,31.60612058,1883,0
703,Vehicle,17-10-2016,526,13,01-11-2014,27.42584898,58.49026888,2839,0
704,Vehicle,02-05-2018,3224,19,27-03-2016,21.68099931,35.58968828,2277,0
705,Equipment,02-06-2014,1875,14,20-05-2011,29.65398101,73.16516653,3707,0
706,Equipment,22-11-2018,1763,7,07-10-2019,23.09054771,73.74139666,2073,0
707,Building,21-12-2014,8712,14,24-12-2018,16.36706401,37.83723226,3505,1
708,Building,17-03-2019,5797,19,22-01-2016,30.67519685,33.79962524,1958,0
709,Vehicle,11-09-2010,9208,13,28-09-2019,20.71516649,44.67823832,5067,1
710,Building,26-08-2018,7099,8,15-04-2019,23.65533759,34.43189511,2161,0
711,Equipment,06-04-2016,5109,7,29-01-2014,28.70887766,60.3430306,3033,0
712,Equipment,02-10-2011,6644,16,18-03-2017,21.64912314,69.56388107,4681,0
713,Vehicle,26-08-2018,116,1,09-01-2017,16.13171312,60.38552785,2161,0
714,Equipment,04-10-2018,2433,2,08-01-2011,22.47842094,69.46102683,2122,0
715,Equipment,25-08-2019,5463,7,22-05-2015,33.88897165,43.81952973,1797,0
716,Equipment,23-05-2017,583,11,06-01-2011,27.83468795,29.37901824,2621,0
717,Equipment,31-08-2017,8586,0,19-07-2012,28.42958297,64.27705684,2521,1
718,Vehicle,11-11-2016,3788,9,27-01-2018,27.64564307,41.62847031,2814,0
719,Vehicle,18-09-2015,4167,19,27-11-2012,18.97984278,60.27624951,3234,0
720,Building,29-11-2010,8465,2,06-10-2011,23.36667728,36.23863652,4988,1
721,Equipment,30-05-2018,1389,5,29-01-2018,30.01879597,24.87377809,2249,0
722,Building,03-01-2012,8357,6,04-06-2014,17.02745795,79.55490773,4588,1
723,Vehicle,12-07-2014,9759,19,24-03-2016,20.55705552,29.37209048,3667,1
724,Vehicle,23-03-2014,6154,17,15-11-2017,20.52638217,79.30525964,3778,0
725,Vehicle,27-05-2016,5420,10,28-02-2016,23.64037855,78.63679595,2982,0
726,Vehicle,19-03-2011,8920,18,19-03-2017,34.60737482,67.62908623,4878,1
727,Vehicle,11-05-2014,2043,4,10-04-2018,16.35005093,59.56537772,3729,0
728,Vehicle,29-09-2011,4197,18,18-02-2015,25.37401989,54.66842302,4684,0
729,Vehicle,23-10-2012,3496,10,12-07-2013,18.58729364,71.96609272,4294,0
730,Equipment,22-08-2017,778,11,12-03-2015,34.41353091,37.3663713,2530,0
731,Building,29-04-2014,213,9,06-03-2014,17.26607009,48.06087275,3741,0
732,Vehicle,07-12-2018,3762,7,27-08-2018,23.07202005,57.16339816,2058,0
733,Equipment,16-02-2014,9768,8,28-11-2014,29.7576997,44.67142855,3813,1
734,Equipment,09-09-2016,6731,3,12-08-2019,29.09108856,45.64918725,2877,0
735,Building,18-03-2016,3117,4,17-04-2019,23.45457274,39.81708005,3052,0
736,Vehicle,07-11-2016,5791,7,29-04-2016,21.93048336,53.853909,2818,0
737,Building,01-10-2013,8783,8,07-10-2010,22.95224757,71.03447168,3951,1
738,Vehicle,04-08-2019,2720,14,25-09-2018,20.28552526,32.09170268,1818,0
739,Equipment,10-12-2016,8905,14,17-01-2019,19.10665877,76.06598233,2785,1
740,Equipment,27-02-2014,9127,15,25-07-2012,24.66079395,61.34525922,3802,1
741,Equipment,16-11-2013,6047,13,20-01-2010,20.37067512,69.39639276,3905,0
742,Equipment,15-03-2015,8032,7,02-02-2013,20.7492333,53.37144156,3421,1
743,Building,02-06-2014,1,17,21-12-2015,28.13512127,66.77100209,3707,0
744,Vehicle,20-09-2015,6368,9,05-02-2011,34.37074663,20.97202384,3232,0
745,Vehicle,29-02-2016,1949,19,28-09-2016,27.07274401,69.10282549,3070,0
746,Building,16-10-2011,6732,5,11-05-2018,16.53958934,22.40833155,4667,0
747,Vehicle,17-07-2018,7833,11,26-03-2018,16.51167228,73.39480258,2201,0
748,Equipment,03-12-2014,917,1,22-08-2016,34.02846442,79.51776483,3523,0
749,Vehicle,12-08-2017,3174,6,11-05-2017,20.94581581,37.64404773,2540,0
750,Equipment,13-07-2014,7014,15,25-12-2010,16.84133972,32.61911338,3666,0
751,Building,21-07-2011,89,2,07-03-2011,26.98089174,65.92180183,4754,0
752,Vehicle,04-04-2019,1709,12,02-02-2018,27.47297557,35.18158046,1940,0
753,Building,25-10-2010,3041,2,20-12-2011,27.9700964,71.93374299,5023,0
754,Vehicle,30-11-2010,105,17,13-08-2015,20.34804056,26.17055553,4987,0
755,Equipment,17-02-2019,9078,10,02-05-2014,15.30221368,27.55731178,1986,1
756,Building,31-03-2014,8619,7,12-09-2017,34.30030739,78.74909331,3770,1
757,Vehicle,20-04-2019,1895,5,26-01-2019,20.01786091,60.4303339,1924,0
758,Equipment,03-09-2016,6090,0,27-12-2011,28.52052576,70.81323347,2883,0
759,Building,01-05-2013,8508,0,17-05-2015,29.1325974,39.45976264,4104,1
760,Building,21-07-2010,6082,7,29-03-2019,27.20014834,60.58902497,5119,0
761,Vehicle,11-11-2018,634,4,03-11-2015,21.25814788,55.65450964,2084,0
762,Vehicle,04-02-2014,1925,15,07-12-2011,20.42192508,56.18900721,3825,0
763,Vehicle,21-03-2014,2056,10,05-07-2016,26.95336565,60.95194757,3780,0
764,Equipment,03-03-2014,6917,4,29-11-2010,32.32191267,54.52155039,3798,0
765,Vehicle,22-09-2018,3144,3,12-04-2019,33.93467458,45.74374216,2134,0
766,Building,25-02-2013,9631,5,14-04-2019,17.11811609,36.55536166,4169,1
767,Building,12-04-2015,552,13,27-08-2012,18.09657225,66.11487985,3393,0
768,Vehicle,28-05-2017,8907,18,02-08-2013,33.89472518,33.5763458,2616,1
769,Vehicle,03-06-2014,5383,8,11-04-2017,29.73070457,61.54125837,3706,0
770,Building,27-09-2016,3911,11,25-06-2017,32.6598765,33.99996936,2859,0
771,Equipment,08-02-2010,9905,10,06-07-2010,19.05265268,57.5198102,5282,1
772,Vehicle,03-10-2013,3389,13,24-02-2012,26.75171742,64.82469603,3949,0
773,Vehicle,04-01-2010,9299,15,21-08-2013,29.02279189,33.12283333,5317,1
774,Building,09-01-2017,8442,0,06-07-2019,28.60223771,23.59659805,2755,1
775,Vehicle,19-09-2018,2430,12,27-04-2016,23.16303382,27.85842458,2137,0
776,Equipment,28-03-2016,458,12,11-02-2010,15.30789783,56.35981804,3042,0
777,Building,14-08-2012,207,1,14-08-2014,26.65852114,70.96678437,4364,0
778,Vehicle,07-11-2018,899,3,17-11-2011,20.06203078,22.69980927,2088,0
779,Building,02-06-2019,21,5,31-03-2014,24.00508492,64.04907554,1881,0
780,Vehicle,21-07-2016,8601,4,16-02-2018,34.1516203,40.47911876,2927,1
781,Vehicle,20-09-2014,894,2,11-01-2015,22.98070635,48.7117022,3597,0
782,Vehicle,15-06-2017,514,0,04-08-2018,31.79603213,75.73157299,2598,0
783,Equipment,10-03-2013,7294,3,20-06-2013,18.77081211,39.91829028,4156,0
784,Equipment,19-05-2017,4904,19,18-08-2017,28.44920996,47.92021604,2625,0
785,Building,26-03-2011,7867,1,25-03-2015,34.54013909,20.82094489,4871,0
786,Vehicle,18-12-2015,4109,4,01-11-2018,17.03786202,24.8959232,3143,0
787,Vehicle,10-10-2016,7179,2,26-05-2016,15.16639884,35.51549547,2846,0
788,Equipment,25-11-2010,1560,8,11-07-2012,23.67165585,21.67113445,4992,0
789,Vehicle,29-12-2018,1266,19,22-05-2019,16.85250966,57.88251956,2036,0
790,Equipment,19-12-2018,3638,5,16-02-2012,29.96768699,45.58390141,2046,0
791,Vehicle,27-05-2010,8941,17,10-08-2019,33.29097328,52.88871216,5174,1
792,Building,24-09-2010,3427,5,20-04-2018,23.68041945,30.47883115,5054,0
793,Vehicle,20-05-2010,4780,18,13-02-2012,20.17423284,37.75592177,5181,0
794,Vehicle,26-05-2010,1927,11,05-04-2014,23.68806638,59.82946849,5175,0
795,Equipment,18-05-2019,2356,10,23-09-2019,29.46895636,77.91816342,1896,0
796,Vehicle,06-03-2012,4790,1,26-03-2013,15.18108323,23.02500642,4525,0
797,Vehicle,15-04-2016,306,14,22-09-2014,26.78907979,73.42305925,3024,0
798,Equipment,01-03-2012,7979,11,26-10-2010,27.2658337,54.61287208,4530,0
799,Building,16-03-2013,3665,11,24-10-2015,27.75376494,53.83517401,4150,0
800,Building,25-09-2014,7057,8,05-11-2014,19.8404416,50.01671211,3592,0
801,Equipment,12-11-2018,661,1,19-04-2014,29.28105447,24.16364515,2083,0
802,Equipment,05-10-2013,4644,2,15-08-2019,16.82782973,25.3926111,3947,0
803,Equipment,30-10-2012,8503,11,29-07-2019,18.98540673,56.05472034,4287,1
804,Equipment,26-12-2015,2920,15,17-06-2019,32.54940093,40.45751429,3135,0
805,Equipment,27-12-2013,9274,0,15-01-2014,29.77446301,75.03608399,3864,1
806,Building,19-01-2011,8946,2,18-10-2017,15.27491108,44.39543224,4937,1
807,Building,08-11-2010,6236,19,11-02-2019,19.96752521,28.59688752,5009,0
808,Equipment,16-08-2012,6078,1,03-09-2018,19.28812966,62.88313001,4362,0
809,Vehicle,10-08-2010,352,8,02-04-2013,20.41612656,37.60120529,5099,0
810,Equipment,18-08-2017,9094,18,13-01-2018,19.95119541,51.52821844,2534,1
811,Vehicle,13-01-2014,7005,14,10-08-2019,16.25052591,61.86996713,3847,0
812,Equipment,22-04-2018,158,17,29-06-2016,24.17881033,74.01584667,2287,0
813,Equipment,10-07-2010,956,10,11-06-2015,29.6546695,67.53147169,5130,0
814,Building,30-09-2018,2071,15,29-06-2015,27.13463449,60.58166407,2126,0
815,Vehicle,16-04-2018,8595,16,27-06-2011,28.45743337,60.77799094,2293,1
816,Vehicle,02-05-2017,9579,4,05-02-2014,16.62298357,76.75547864,2642,1
817,Building,17-09-2018,3453,11,08-07-2015,34.0298142,37.74944585,2139,0
818,Building,13-02-2013,6675,10,20-11-2015,31.76983668,20.06672565,4181,0
819,Building,30-11-2013,955,14,07-01-2019,31.10180637,36.31727356,3891,0
820,Building,14-01-2016,6295,2,27-09-2019,31.4596761,33.07348278,3116,0
821,Vehicle,09-11-2010,1712,0,30-08-2019,33.65421016,59.71007511,5008,0
822,Vehicle,23-06-2010,4703,19,16-08-2010,25.88507932,58.02269599,5147,0
823,Equipment,18-06-2018,6563,15,31-07-2014,19.00564036,55.60768296,2230,0
824,Equipment,22-01-2017,9465,1,13-02-2014,27.33567216,20.97460659,2742,1
825,Building,18-04-2019,5631,1,07-12-2015,29.85762987,63.72668327,1926,0
826,Building,10-01-2017,9633,2,13-04-2018,29.75834787,39.41182475,2754,1
827,Building,15-11-2012,9989,7,30-08-2011,25.42898048,59.90335934,4271,1
828,Equipment,06-04-2019,1394,14,10-06-2018,16.36917439,53.39470571,1938,0
829,Equipment,26-12-2012,9461,6,01-03-2011,22.42225877,40.56385553,4230,1
830,Equipment,26-02-2015,4732,5,27-04-2019,33.41533217,28.07457603,3438,0
831,Equipment,18-05-2012,3714,8,19-01-2018,26.6889782,25.66513386,4452,0
832,Equipment,10-10-2015,529,19,03-12-2013,25.76663887,69.89109999,3212,0
833,Equipment,28-06-2013,2958,0,24-12-2019,20.37707029,75.10385252,4046,0
834,Equipment,21-07-2019,7904,7,30-07-2017,22.3689784,58.98728281,1832,0
835,Building,22-12-2011,3591,2,15-01-2018,32.90692178,26.20604689,4600,0
836,Building,02-07-2011,6895,3,09-08-2019,28.32926095,44.12163301,4773,0
837,Building,26-05-2016,9131,14,06-10-2018,30.74774054,63.73635201,2983,1
838,Building,10-04-2013,525,5,02-11-2012,24.08690846,66.78925304,4125,0
839,Equipment,16-12-2016,6477,14,18-03-2015,27.60494439,27.09311734,2779,0
840,Vehicle,07-09-2011,1,2,19-11-2015,19.96767217,20.00184313,4706,0
841,Equipment,26-09-2011,374,13,26-10-2012,29.10921661,62.72822275,4687,0
842,Vehicle,29-08-2015,4648,19,20-11-2018,23.55202667,41.39577056,3254,0
843,Building,04-06-2012,2365,13,05-07-2014,23.8509103,35.2688799,4435,0
844,Equipment,14-11-2013,1525,3,23-04-2010,27.98644649,20.77384819,3907,0
845,Building,20-02-2015,1646,11,02-12-2016,33.72561243,52.41796441,3444,0
846,Equipment,23-04-2019,13,16,17-12-2012,16.28012693,71.06904413,1921,0
847,Building,05-11-2012,4599,6,13-10-2010,31.49486475,77.45789878,4281,0
848,Vehicle,15-08-2018,2278,8,07-09-2019,20.84766221,53.94469704,2172,0
849,Vehicle,17-01-2011,3155,2,20-06-2019,23.87838909,50.86767966,4939,0
850,Vehicle,30-12-2012,8321,12,02-07-2018,15.43826658,25.10338313,4226,1
851,Equipment,17-02-2010,3814,14,09-04-2018,21.02092156,52.93236809,5273,0
852,Vehicle,20-04-2017,3216,17,13-02-2019,25.05262485,42.79874474,2654,0
853,Equipment,14-11-2012,8219,18,29-09-2016,16.12352155,56.42811685,4272,1
854,Vehicle,17-04-2014,2113,0,14-03-2015,24.82191459,43.32358087,3753,0
855,Vehicle,02-04-2011,9444,5,07-11-2015,33.54221258,34.41794741,4864,1
856,Equipment,30-08-2012,4356,1,09-08-2014,17.10786436,25.69791651,4348,0
857,Equipment,20-05-2014,5543,13,13-05-2010,30.28881456,38.89510668,3720,0
858,Vehicle,30-07-2013,4555,5,04-12-2016,23.19342107,25.79869006,4014,0
859,Equipment,15-06-2016,7062,13,05-09-2019,28.10347429,30.61381705,2963,0
860,Vehicle,08-07-2014,3374,3,22-03-2013,20.20473196,79.24016951,3671,0
861,Equipment,18-01-2015,6430,7,05-05-2011,18.18984525,46.64621341,3477,0
862,Building,20-06-2012,3466,2,30-05-2013,18.20925229,51.91230599,4419,0
863,Building,14-04-2014,3081,18,26-10-2011,16.40983891,72.41711172,3756,0
864,Building,18-12-2014,629,13,16-05-2011,18.7129341,79.73413403,3508,0
865,Building,10-07-2011,269,19,05-08-2019,28.2843877,54.96286696,4765,0
866,Building,07-04-2012,5724,16,30-04-2017,32.63381224,68.74842926,4493,0
867,Vehicle,19-03-2014,5897,7,23-06-2016,31.28251371,39.61646146,3782,0
868,Building,02-10-2014,3432,13,09-04-2012,28.7026862,38.34463745,3585,0
869,Building,27-07-2015,9472,5,04-11-2011,17.20863727,44.16222326,3287,1
870,Building,19-07-2019,6276,15,26-12-2012,20.78374893,60.35043576,1834,0
871,Building,02-05-2017,5895,18,10-05-2015,21.19613751,60.93150136,2642,0
872,Equipment,23-08-2016,7115,13,15-02-2017,19.99913893,38.91436608,2894,0
873,Vehicle,30-07-2018,6656,18,07-05-2011,25.30011319,27.99259545,2188,0
874,Building,22-11-2018,575,2,01-03-2017,25.7110763,57.94377539,2073,0
875,Building,07-07-2016,7029,9,03-05-2011,22.1377195,27.69955173,2941,0
876,Building,12-08-2013,6099,18,09-01-2014,22.07578317,54.70955049,4001,0
877,Vehicle,27-04-2010,9499,8,17-10-2018,31.57111196,61.60532768,5204,1
878,Equipment,02-10-2017,3192,19,09-11-2016,30.78585697,62.03668978,2489,0
879,Vehicle,27-01-2018,3178,12,05-04-2015,21.15591663,65.20832664,2372,0
880,Equipment,05-05-2010,6052,6,03-04-2012,33.27576888,72.37156529,5196,0
881,Building,07-01-2015,2734,13,18-03-2012,34.05630034,49.99753952,3488,0
882,Building,04-10-2014,6116,8,17-04-2019,21.53485084,63.81495137,3583,0
883,Vehicle,19-05-2015,3568,18,01-06-2010,22.08849898,57.15036412,3356,0
884,Vehicle,17-06-2012,9847,14,11-08-2017,25.11268307,31.19839639,4422,1
885,Equipment,14-04-2017,9771,19,13-12-2013,33.82241625,21.54137869,2660,1
886,Equipment,10-08-2015,2203,13,15-10-2019,32.52638866,37.07248314,3273,0
887,Vehicle,04-01-2014,1390,5,11-04-2018,17.05135925,46.58202238,3856,0
888,Equipment,29-05-2017,1742,3,21-11-2013,22.85461487,57.02635667,2615,0
889,Vehicle,15-09-2013,1925,7,12-06-2015,26.06742379,70.99755983,3967,0
890,Equipment,05-08-2014,619,16,21-08-2013,25.06264945,31.774743,3643,0
891,Vehicle,14-12-2015,1274,8,27-10-2012,18.87726136,27.53298739,3147,0
892,Vehicle,24-09-2011,956,0,30-08-2015,32.17633542,77.80879685,4689,0
893,Vehicle,08-12-2019,1939,19,21-09-2013,28.53881566,26.48267356,1692,0
894,Equipment,08-03-2010,3953,13,10-02-2014,31.7581675,48.70946421,5254,0
895,Equipment,07-03-2015,968,10,19-11-2016,32.17528559,55.13382373,3429,0
896,Equipment,11-03-2010,9508,2,21-08-2012,29.96711707,52.48246525,5251,1
897,Vehicle,17-12-2019,9235,8,17-09-2019,23.78421202,25.16192942,1683,1
898,Equipment,20-09-2019,281,13,18-06-2018,27.2109351,23.42161484,1771,0
899,Equipment,21-04-2010,6262,8,11-05-2016,18.20730812,26.32900565,5210,0
900,Vehicle,10-08-2017,1058,3,13-02-2011,28.47290835,55.13526103,2542,0
901,Building,16-07-2018,4293,3,17-01-2011,18.58506511,52.66069326,2202,0
902,Vehicle,23-06-2019,5178,7,10-02-2012,28.87899181,34.02444752,1860,0
903,Equipment,09-01-2012,6980,1,21-04-2018,19.59196322,58.26644851,4582,0
904,Vehicle,23-12-2015,9200,8,22-10-2018,17.351026,69.20405012,3138,1
905,Building,21-04-2010,1229,13,20-10-2015,18.3056898,22.49473759,5210,0
906,Vehicle,25-01-2018,9227,8,26-09-2019,15.0398427,49.88779661,2374,1
907,Equipment,25-11-2015,4585,15,01-12-2016,29.37479236,61.35862473,3166,0
908,Building,02-08-2017,8467,16,26-05-2014,29.64802098,35.13871562,2550,1
909,Equipment,02-07-2019,2740,15,02-07-2015,25.298667,38.46625432,1851,0
910,Building,23-10-2014,2289,11,20-08-2013,18.22725602,56.81827418,3564,0
911,Building,11-02-2014,1239,2,03-10-2016,16.67108675,73.87611761,3818,0
912,Vehicle,06-09-2010,5370,10,14-06-2015,15.38257933,68.59546522,5072,0
913,Vehicle,01-06-2018,125,13,10-08-2012,18.31496354,54.98781315,2247,0
914,Equipment,15-02-2011,7473,17,08-02-2010,32.8171107,63.81330307,4910,0
915,Vehicle,21-01-2015,9400,4,13-04-2015,19.83073683,41.88934821,3474,1
916,Vehicle,01-09-2018,5342,15,02-08-2019,22.08542654,58.45793169,2155,0
917,Building,29-07-2011,7351,19,12-03-2017,17.10690969,47.97089547,4746,0
918,Vehicle,29-05-2010,6638,4,19-06-2012,19.44722609,31.39616819,5172,0
919,Building,26-06-2015,6570,2,05-06-2019,25.38449142,62.10429643,3318,0
920,Building,04-11-2019,3249,11,16-07-2015,27.15505366,53.38787824,1726,0
921,Building,22-03-2010,9110,0,02-07-2012,19.90704628,41.51729492,5240,1
922,Equipment,09-09-2013,7595,8,19-04-2013,16.15464318,74.6803514,3973,0
923,Equipment,02-11-2019,6294,8,19-07-2019,22.82065738,21.25604707,1728,0
924,Equipment,17-08-2017,6527,3,06-12-2016,19.68406742,38.94638907,2535,0
925,Building,04-10-2012,5757,2,14-05-2018,19.39107846,23.41288387,4313,0
926,Equipment,06-05-2011,1969,16,29-05-2018,34.19725605,65.99163897,4830,0
927,Equipment,10-08-2019,891,1,19-04-2017,27.32600972,62.12644725,1812,0
928,Vehicle,21-08-2016,4470,0,31-01-2016,26.13756886,39.88113312,2896,0
929,Equipment,19-10-2016,7175,7,14-03-2018,23.31550207,60.53977413,2837,0
930,Equipment,05-04-2016,9556,12,06-03-2015,23.57888667,43.75623357,3034,1
931,Building,08-11-2014,8320,14,16-03-2014,25.81810008,65.37522749,3548,1
932,Building,08-09-2010,9206,7,15-02-2011,28.92859614,47.25101976,5070,1
933,Building,30-03-2016,9991,11,08-02-2018,29.04292192,44.73678367,3040,1
934,Building,14-11-2019,6812,11,21-06-2017,18.43387815,76.08379493,1716,0
935,Building,11-02-2017,7519,13,22-11-2015,25.00225504,35.05274599,2722,0
936,Building,03-05-2012,4612,14,07-10-2017,23.2391619,27.2268404,4467,0
937,Equipment,26-12-2016,9710,14,22-04-2013,32.41053933,55.0725868,2769,1
938,Building,19-06-2012,1198,8,22-11-2012,27.62837842,78.15930874,4420,0
939,Building,24-05-2012,5238,18,17-12-2018,25.65008133,42.67035282,4446,0
940,Vehicle,20-10-2015,6089,19,27-06-2017,17.30789284,23.72220582,3202,0
941,Equipment,10-09-2016,6257,7,31-01-2017,27.11275779,40.35831604,2876,0
942,Equipment,10-02-2018,7705,18,17-01-2018,17.34407811,50.35589926,2358,0
943,Equipment,26-07-2015,3719,5,20-08-2014,21.74413151,29.7153804,3288,0
944,Building,23-03-2017,302,19,08-10-2015,17.8568393,59.48613308,2682,0
945,Building,10-12-2017,986,18,25-12-2018,28.84147294,79.86496334,2420,0
946,Building,14-12-2012,4440,3,07-01-2017,19.12504228,47.10436856,4242,0
947,Vehicle,10-06-2010,4909,6,10-11-2017,22.83718746,41.2837134,5160,0
948,Building,27-11-2010,3072,3,17-06-2015,32.91349555,44.04225001,4990,0
949,Vehicle,21-11-2012,3124,11,29-08-2019,19.08632767,26.9087707,4265,0
950,Equipment,17-03-2010,9519,12,02-04-2014,25.15610128,72.99641609,5245,1
951,Building,09-11-2018,8125,2,20-04-2019,23.38543322,44.88953933,2086,1
952,Vehicle,01-06-2013,3291,11,21-06-2015,15.36248082,43.23646469,4073,0
953,Vehicle,28-06-2010,4033,1,28-02-2017,30.85516227,59.58141638,5142,0
954,Building,22-06-2016,5105,1,15-12-2010,16.38091813,46.52200526,2956,0
955,Equipment,06-02-2015,703,8,25-04-2011,24.48510042,58.89400813,3458,0
956,Equipment,26-04-2013,8133,0,15-06-2015,26.2135659,23.68677741,4109,1
957,Equipment,28-10-2016,574,7,01-03-2015,27.56852913,68.82340062,2828,0
958,Vehicle,25-10-2015,5704,5,26-10-2018,28.77263259,76.43023717,3197,0
959,Vehicle,06-09-2019,7848,5,04-12-2011,20.06544767,58.92592317,1785,0
960,Vehicle,07-06-2018,5208,17,27-09-2014,15.19957553,77.27395573,2241,0
961,Vehicle,21-07-2013,6924,16,13-04-2010,29.46887325,29.08593886,4023,0
962,Equipment,21-11-2012,3828,11,09-09-2018,25.71313199,48.64497137,4265,0
963,Building,02-03-2012,3230,5,13-10-2019,31.72235406,56.10840404,4529,0
964,Vehicle,20-11-2016,488,7,10-11-2018,31.42776726,54.90419885,2805,0
965,Vehicle,15-10-2015,7114,18,12-08-2010,31.86652336,44.08770675,3207,0
966,Equipment,01-04-2018,9539,9,15-02-2017,24.7018932,40.28506456,2308,1
967,Building,24-07-2010,3173,0,28-09-2011,21.67256792,27.60944135,5116,0
968,Building,27-05-2016,1667,12,18-10-2014,30.83116405,43.50454703,2982,0
969,Equipment,20-09-2011,9829,16,22-05-2018,24.02588226,29.75964891,4693,1
970,Equipment,02-08-2010,4114,2,26-07-2013,18.66884393,64.06194059,5107,0
971,Building,14-07-2013,3553,7,04-05-2017,32.09948039,32.52985613,4030,0
972,Vehicle,25-01-2010,7761,13,17-11-2017,32.65119754,23.51391832,5296,0
973,Building,12-11-2015,1000,2,12-03-2010,24.32619512,53.14196827,3179,0
974,Equipment,09-07-2019,9042,15,21-06-2017,16.51399455,55.71378396,1844,1
975,Vehicle,05-03-2012,1388,12,04-06-2015,22.7565218,72.31478368,4526,0
976,Vehicle,21-05-2013,5450,19,05-12-2012,31.07075319,54.61889675,4084,0
977,Equipment,05-10-2018,3712,16,14-10-2019,33.03548057,40.72885122,2121,0
978,Equipment,22-05-2018,1367,12,19-09-2016,19.06945485,68.18071289,2257,0
979,Equipment,08-06-2011,8189,5,25-03-2018,16.33947224,52.41673359,4797,1
980,Building,19-04-2015,9013,16,13-02-2017,32.54700906,24.75681708,3386,1
981,Building,27-07-2015,454,13,20-03-2019,22.78809878,53.95103362,3287,0
982,Vehicle,14-11-2010,9816,16,16-12-2017,25.83521929,74.48111273,5003,1
983,Equipment,18-02-2019,2772,7,02-09-2016,34.36131624,43.77875753,1985,0
984,Vehicle,28-07-2015,3726,10,13-02-2014,16.33129456,37.77954811,3286,0
985,Vehicle,17-11-2010,7232,19,16-09-2017,27.96636015,28.60816742,5000,0
986,Vehicle,01-01-2020,4806,0,22-01-2011,16.48210845,29.08673132,1668,0
987,Vehicle,04-12-2018,2190,6,05-03-2016,22.50937857,45.96628906,2061,0
988,Equipment,03-03-2016,9108,16,11-02-2012,31.0762909,55.74078945,3067,1
989,Vehicle,20-07-2011,2875,9,29-10-2012,23.66944466,24.83692431,4755,0
990,Equipment,25-10-2015,5592,10,15-09-2010,34.94364708,76.37411534,3197,0
991,Equipment,08-01-2019,1440,8,27-03-2014,26.1811857,65.30801705,2026,0
992,Building,17-10-2016,8927,8,07-02-2016,21.42324305,55.1974351,2839,1
993,Equipment,12-09-2010,6059,4,28-11-2013,19.40222652,69.70632026,5066,0
994,Building,23-09-2017,7010,16,31-12-2013,22.01041069,24.81120541,2498,0
995,Equipment,14-04-2017,7117,8,10-01-2011,22.45066548,48.61033266,2660,0
996,Equipment,26-05-2012,9153,16,02-11-2019,16.37427355,57.80558761,4444,1
997,Equipment,09-01-2016,2989,18,08-06-2013,22.39148399,69.71917437,3121,0
998,Building,18-06-2016,9218,6,12-10-2010,24.28477039,67.0081736,2960,1
999,Building,08-08-2019,6228,8,11-07-2017,29.45475504,36.62415498,1814,0
1000,Vehicle,18-10-2019,6471,6,25-07-2010,28.13458969,76.45281017,1743,0
